,LinUCB,,,,"LinUCB+stdev,cluster","LinUCB+stdev,cluster+CBF"
1,1,1,,,1,1
1.09496,1.18992,0.02591,,,1.94307,1.87737
0.96635,0.70912,0.02278,,,1.38125,1.27642
0.90734,0.73033,0.02755,,,1.14851,1.36822
0.90477,0.89446,0.02771,,,1.13767,1.26732
0.88851,0.80722,0.02392,,,1.06288,1.05207
0.86817,0.74613,0.02265,,,1.05018,0.9494
0.85165,0.73602,0.02405,,,1.04635,0.88768
0.8427,0.77106,0.02424,,,0.98959,0.81021
0.83531,0.76879,0.02327,,,0.97793,0.77194
0.82582,0.73098,0.02181,,,0.96565,0.79154
0.81869,0.74025,0.02292,,,0.92199,0.75658
0.81293,0.74373,0.02306,,,0.91114,0.74664
0.80786,0.74206,0.02272,,,0.94744,0.78154
0.80421,0.753,0.02327,,,0.95986,0.81728
0.80104,0.75349,0.02341,,,0.95583,0.84496
0.79902,0.76679,0.02407,,,0.96402,0.85692
0.7982,0.78421,0.02318,,,0.97052,0.84979
0.79708,0.77691,0.02347,,,1.00094,0.85042
0.79677,0.79096,0.02351,,,1.01833,0.84885
0.79708,0.80327,0.02454,,,1.00764,0.86238
0.79799,0.81698,0.02461,,,1.00789,0.88021
0.79902,0.82172,0.02478,,,1.00951,0.88031
0.79956,0.81204,0.02401,,,0.9971,0.87239
0.79962,0.80115,0.02382,,,0.98927,0.86177
0.80005,0.81077,0.02423,,,0.99658,0.87333
0.8011,0.82842,0.02467,,,0.98855,0.86534
0.80249,0.8398,0.0246,,,1.00792,0.88389
0.80368,0.83708,0.02444,,,1.01476,0.89728
0.80499,0.84288,0.02455,,,1.01685,0.90281
0.80695,0.8659,0.02553,,,1.01304,0.90332
0.8091,0.8758,0.02589,,,1.00791,0.9201
0.81148,0.88772,0.02579,,,1.01596,0.92408
0.81356,0.88206,0.02573,,,1.02087,0.9167
0.81549,0.88119,0.02597,,,1.02208,0.92301
0.81758,0.89053,0.02599,,,1.0134,0.93088
0.81994,0.90483,0.02618,,,1.01744,0.93475
0.82239,0.91326,0.02627,,,1.03217,0.93736
0.82524,0.93337,0.02727,,,1.03326,0.94005
0.82824,0.94551,0.02717,,,1.02985,0.95409
0.83141,0.95808,0.0277,,,1.02636,0.96482
0.83453,0.96245,0.02727,,,1.02328,0.96213
0.83749,0.96167,0.02718,,,1.02684,0.96125
0.84013,0.95377,0.02704,,,1.03914,0.97254
0.84263,0.95261,0.02692,,,1.04113,0.9845
0.84513,0.95788,0.02716,,,1.03766,0.98833
0.8476,0.9611,0.02734,,,1.05087,0.99245
0.85003,0.96435,0.02742,,,1.05735,0.99425
0.85244,0.96771,0.02725,,,1.05328,0.98559
0.85466,0.96368,0.02711,,,1.05552,0.98581
0.857,0.97397,0.0274,,,1.06181,0.98192
0.8592,0.97119,0.0271,,,1.06791,0.97862
0.86126,0.96872,0.02717,,,1.06381,0.987
0.86328,0.9702,0.02731,,,1.07175,0.99258
0.86528,0.97311,0.02716,,,1.07592,0.99005
0.86722,0.97415,0.02724,,,1.07484,0.98093
0.86912,0.97521,0.02712,,,1.0782,0.98161
0.87095,0.97544,0.02712,,,1.07823,0.9789
0.87275,0.97721,0.02705,,,1.07303,0.97839
0.87449,0.97726,0.0274,,,1.07782,0.97668
0.87635,0.98798,0.0273,,,1.07741,0.97857
0.87809,0.9838,0.02699,,,1.07936,0.97523
0.8797,0.97967,0.02673,,,1.08135,0.97883
0.88121,0.97639,0.02677,,,1.08251,0.97625
0.88269,0.97725,0.02652,,,1.08113,0.97836
0.88404,0.97188,0.02638,,,1.07285,0.97907
0.88523,0.96363,0.02622,,,1.06377,0.9793
0.8864,0.96523,0.0264,,,1.05631,0.98867
0.88756,0.96638,0.02639,,,1.05968,1.00048
0.88874,0.96976,0.02657,,,1.05138,1.00704
0.89001,0.97941,0.02679,,,1.04221,1.00741
0.89128,0.98111,0.02679,,,1.03921,1.00709
0.89249,0.97957,0.02675,,,1.04248,1.00433
0.89362,0.9767,0.02649,,,1.03847,1.00378
0.89464,0.96976,0.02632,,,1.03515,1.00287
0.89558,0.9658,0.02638,,,1.03201,1.00268
0.89656,0.97125,0.0265,,,1.02894,1.01027
0.89755,0.97357,0.02655,,,1.02214,1.00752
0.8985,0.9729,0.02651,,,1.02185,1.0094
0.89947,0.97608,0.02655,,,1.02394,1.01026
0.90035,0.97079,0.0263,,,1.02258,1.01035
0.9012,0.96971,0.02624,,,1.01389,1.01058
0.902,0.96782,0.02611,,,1.01211,1.01721
0.9028,0.96903,0.02613,,,1.0147,1.02228
0.9036,0.97145,0.02635,,,1.01173,1.02358
0.90444,0.97535,0.02629,,,1.00469,1.02116
0.90527,0.97704,0.02644,,,1.0082,1.0211
0.90616,0.98342,0.02647,,,1.00869,1.02013
0.90706,0.98653,0.02662,,,1.01123,1.01993
0.90796,0.98749,0.02648,,,1.01163,1.0185
0.90879,0.98399,0.02653,,,1.00759,1.01745
0.90966,0.98848,0.02661,,,1.00558,1.02233
0.91054,0.99107,0.02675,,,1.00663,1.02484
0.91141,0.99318,0.02664,,,1.00581,1.02928
0.91223,0.98896,0.02658,,,1.00073,1.03084
0.913,0.98607,0.02654,,,0.99903,1.02998
0.91371,0.98195,0.02624,,,0.99503,1.02902
0.91437,0.97793,0.02621,,,0.99867,1.03461
0.91499,0.97637,0.02626,,,1.00323,1.03943
0.91563,0.97853,0.02634,,,1.00229,1.04164
0.91632,0.98543,0.02661,,,1.00218,1.04494
0.91705,0.99063,0.02662,,,1.01119,1.04478
0.9178,0.99434,0.02666,,,1.01119,1.04197
0.91852,0.99339,0.02668,,,1.01066,1.04718
0.9193,0.99972,0.02687,,,1.00878,1.05161
0.92007,1.0013,0.02672,,,1.00795,1.0534
0.92076,0.99374,0.02655,,,1.00721,1.05264
0.92138,0.98749,0.02646,,,1.01268,1.04879
0.92194,0.98295,0.02632,,,1.01001,1.04504
0.92248,0.9815,0.02633,,,1.00837,1.04342
0.92303,0.98285,0.02642,,,1.00472,1.04699
0.92361,0.98808,0.02653,,,1.00183,1.04759
0.9242,0.99067,0.02674,,,1.00406,1.04579
0.92481,0.99347,0.02668,,,1.00104,1.04883
0.9254,0.99255,0.02668,,,1.00134,1.0517
0.92598,0.99296,0.02663,,,0.99997,1.05386
0.92654,0.99133,0.02664,,,0.99944,1.05102
0.92709,0.99145,0.0267,,,1.00093,1.04816
0.92767,0.99572,0.02687,,,1.00322,1.05064
0.92825,0.99715,0.02699,,,1.00082,1.05064
0.92886,1.00262,0.02712,,,0.99826,1.0482
0.92947,1.0029,0.02725,,,0.99518,1.05299
0.93009,1.00634,0.02722,,,0.99351,1.05212
0.93069,1.00381,0.02715,,,1.00119,1.05551
0.93125,1.00082,0.027,,,0.99942,1.06174
0.93177,0.99705,0.02708,,,0.99687,1.05988
0.9323,0.99904,0.02711,,,1.00041,1.05939
0.93283,1.00006,0.02705,,,1.00383,1.05513
0.93334,0.99823,0.02705,,,1.00306,1.0529
0.93383,0.99782,0.0271,,,1.00409,1.05926
0.93432,0.99728,0.02708,,,1.00244,1.06538
0.93482,1.00093,0.02733,,,1.00343,1.06896
0.93534,1.00393,0.0274,,,0.99639,1.06926
0.93585,1.00402,0.02737,,,0.99676,1.06251
0.93635,1.00336,0.02733,,,0.99909,1.06272
0.93684,1.00314,0.02731,,,0.99665,1.06735
0.93733,1.00311,0.02736,,,0.99294,1.07459
0.93779,1.00106,0.02736,,,0.99144,1.07417
0.93825,1.00221,0.02742,,,0.98963,1.07431
0.9387,1.00121,0.02739,,,0.98798,1.07373
0.93913,0.99922,0.02741,,,0.98503,1.07425
0.93955,0.99777,0.02729,,,0.98574,1.07541
0.93995,0.99718,0.02733,,,0.98455,1.07259
0.94036,0.99876,0.02746,,,0.9811,1.06862
0.94077,1.00061,0.02753,,,0.97837,1.06375
0.94118,1.00006,0.02771,,,0.97673,1.06742
0.94161,1.00511,0.02784,,,0.98176,1.07226
0.94206,1.00717,0.02795,,,0.98411,1.07165
0.94252,1.01077,0.02801,,,0.98333,1.07002
0.94297,1.01015,0.02801,,,0.98661,1.07222
0.94344,1.01355,0.02819,,,0.98999,1.07784
0.94391,1.01559,0.02817,,,0.98846,1.08065
0.94438,1.01572,0.02821,,,0.98948,1.0799
0.94484,1.01492,0.02815,,,0.99012,1.08255
0.94528,1.01375,0.02824,,,0.98624,1.08472
0.94573,1.01526,0.02831,,,0.98381,1.08541
0.94619,1.01841,0.02839,,,0.98443,1.08703
0.94664,1.01687,0.0284,,,0.98269,1.08929
0.94707,1.01504,0.02847,,,0.98654,1.08766
0.9475,1.01617,0.02851,,,0.99234,1.08669
0.94793,1.01582,0.02854,,,0.99192,1.08611
0.94834,1.01475,0.02864,,,0.99218,1.08474
0.94875,1.01491,0.0286,,,0.99439,1.08188
0.94914,1.01315,0.02854,,,0.99846,1.08267
0.94951,1.00919,0.0285,,,1.00356,1.08244
0.94987,1.00968,0.0286,,,1.00789,1.08147
0.95024,1.01193,0.02857,,,1.01372,1.08254
0.95059,1.00869,0.02849,,,1.0191,1.0815
0.95092,1.00763,0.02862,,,1.02294,1.08135
0.95129,1.01238,0.02882,,,1.02461,1.0793
0.95167,1.01721,0.02889,,,1.03215,1.08046
0.95204,1.0158,0.029,,,1.03326,1.0834
0.95241,1.01566,0.02905,,,1.03502,1.08786
0.9528,1.01968,0.02918,,,1.03483,1.08602
0.9532,1.02224,0.02934,,,1.0398,1.08944
0.95361,1.02576,0.02944,,,1.04396,1.09006
0.95402,1.02591,0.02944,,,1.04283,1.08592
0.95441,1.02373,0.02953,,,1.0437,1.08538
0.9548,1.02411,0.02955,,,1.04245,1.08649
0.95519,1.02488,0.02955,,,1.04651,1.08695
0.95557,1.02545,0.02956,,,1.0502,1.08946
0.95596,1.02513,0.02958,,,1.05464,1.08776
0.95633,1.02473,0.02965,,,1.05742,1.08943
0.95672,1.02765,0.02968,,,1.05731,1.0912
0.95709,1.02584,0.02979,,,1.05788,1.09188
0.95748,1.02892,0.02985,,,1.06134,1.09392
0.95787,1.02943,0.02994,,,1.06202,1.09387
0.95825,1.03027,0.02994,,,1.06325,1.09231
0.95863,1.0292,0.03,,,1.0634,1.09192
0.95899,1.02784,0.02998,,,1.06415,1.08973
0.95934,1.02581,0.02996,,,1.06462,1.09131
0.95968,1.02539,0.03,,,1.06541,1.09208
0.96003,1.02669,0.03003,,,1.0628,1.0903
0.96038,1.02818,0.03016,,,1.06207,1.08684
0.96073,1.0285,0.03012,,,1.06421,1.08623
0.96106,1.02517,0.03013,,,1.06633,1.08354
0.96139,1.02589,0.03029,,,1.06427,1.08561
0.96173,1.02847,0.03036,,,1.06503,1.09209
0.96207,1.02933,0.03038,,,1.06505,1.09476
0.9624,1.02825,0.03042,,,1.06703,1.09195
0.96273,1.0293,0.0305,,,1.0694,1.09208
0.96307,1.03186,0.03064,,,1.0688,1.09275
0.96341,1.03049,0.03061,,,1.07153,1.09063
0.96374,1.03219,0.03075,,,1.07587,1.09283
0.96409,1.0341,0.03086,,,1.07487,1.09188
0.96444,1.03741,0.03095,,,1.07458,1.0938
0.9648,1.03864,0.03109,,,1.07492,1.09207
0.96516,1.03874,0.0311,,,1.07618,1.09192
0.96551,1.03854,0.03114,,,1.07599,1.09078
0.96586,1.03866,0.0312,,,1.07406,1.09027
0.96621,1.04,0.03129,,,1.07317,1.09223
0.96658,1.04548,0.03161,,,1.0736,1.0941
0.96697,1.04943,0.03173,,,1.07291,1.09347
0.96736,1.05102,0.03176,,,1.07458,1.09542
0.96775,1.05049,0.03178,,,1.0738,1.09509
0.96812,1.04726,0.03173,,,1.07361,1.09859
0.96848,1.0459,0.03176,,,1.07467,1.09934
0.96883,1.04548,0.03186,,,1.07398,1.0983
0.96919,1.04747,0.03199,,,1.07379,1.09868
0.96956,1.05039,0.03207,,,1.07139,1.09829
0.96992,1.05017,0.0321,,,1.06914,1.09912
0.97028,1.04869,0.0321,,,1.06822,1.09978
0.97063,1.04883,0.03219,,,1.0693,1.09947
0.97099,1.05242,0.03239,,,1.07006,1.09802
0.97136,1.05413,0.03252,,,1.07295,1.09525
0.97174,1.05574,0.03255,,,1.07359,1.0917
0.97211,1.05556,0.0325,,,1.07294,1.09206
0.97247,1.05448,0.03251,,,1.072,1.0925
0.97283,1.0548,0.03271,,,1.07446,1.0919
0.9732,1.05739,0.0328,,,1.07522,1.0902
0.97356,1.05745,0.03273,,,1.0747,1.08896
0.97391,1.05522,0.03282,,,1.07577,1.08751
0.97426,1.05444,0.03276,,,1.07615,1.08582
0.9746,1.0539,0.03284,,,1.07744,1.08596
0.97494,1.05434,0.03284,,,1.07642,1.08705
0.97527,1.0525,0.03279,,,1.0765,1.0867
0.97559,1.05098,0.03286,,,1.07911,1.08653
0.97591,1.05231,0.03288,,,1.08232,1.08791
0.97622,1.05173,0.03296,,,1.08227,1.08925
0.97655,1.05477,0.0331,,,1.0852,1.08761
0.97688,1.05653,0.03314,,,1.08781,1.08766
0.97721,1.05565,0.0331,,,1.09028,1.08653
0.97753,1.05424,0.03307,,,1.0893,1.08535
0.97784,1.05401,0.03317,,,1.09034,1.08833
0.97816,1.0569,0.03326,,,1.08934,1.08997
0.97848,1.05735,0.03332,,,1.09109,1.0924
0.9788,1.05755,0.03335,,,1.09009,1.0943
0.97912,1.05752,0.03338,,,1.08911,1.09509
0.97943,1.0569,0.03336,,,1.08889,1.09778
0.97975,1.0579,0.03354,,,1.09063,1.09681
0.98006,1.05902,0.03356,,,1.09093,1.09665
0.98038,1.05952,0.03356,,,1.09031,1.0982
0.98069,1.05882,0.03366,,,1.0897,1.09977
0.981,1.06081,0.03378,,,1.09367,1.10079
0.98133,1.06394,0.0339,,,1.09903,1.1019
0.98165,1.06381,0.03387,,,1.10065,1.10419
0.98197,1.06264,0.03392,,,1.10212,1.10694
0.98228,1.06386,0.03401,,,1.10168,1.10702
0.9826,1.06464,0.03409,,,1.10088,1.10726
0.98291,1.06331,0.03408,,,1.10087,1.10841
0.98322,1.06307,0.03415,,,1.10136,1.10935
0.98353,1.06326,0.03416,,,1.09961,1.10812
0.98383,1.06397,0.03421,,,1.0999,1.10947
0.98413,1.0634,0.03416,,,1.09938,1.10893
0.98443,1.06237,0.03423,,,1.09872,1.10874
0.98473,1.06376,0.03425,,,1.10076,1.10866
0.98502,1.06213,0.03425,,,1.10186,1.10819
0.9853,1.06107,0.03428,,,1.09964,1.1099
0.98558,1.06128,0.03427,,,1.09959,1.11198
0.98586,1.06095,0.03438,,,1.09775,1.11513
0.98614,1.06259,0.03445,,,1.09946,1.11704
0.98643,1.06407,0.03458,,,1.09993,1.11897
0.98673,1.06747,0.03469,,,1.09969,1.11628
0.98703,1.06814,0.03476,,,1.09989,1.11744
0.98733,1.06982,0.03485,,,1.1004,1.11955
0.98763,1.07104,0.03489,,,1.10319,1.12088
0.98793,1.07082,0.03492,,,1.10548,1.12153
0.98823,1.07021,0.03493,,,1.10437,1.12263
0.98852,1.06961,0.03496,,,1.10434,1.12364
0.9888,1.06779,0.03495,,,1.10567,1.1222
0.98909,1.06892,0.03498,,,1.10576,1.12261
0.98937,1.06826,0.03504,,,1.1034,1.12238
0.98964,1.06808,0.03507,,,1.10276,1.12254
0.98992,1.06887,0.03514,,,1.10166,1.12091
0.99021,1.07163,0.03528,,,1.10327,1.12161
0.9905,1.0742,0.03533,,,1.10438,1.12173
0.99079,1.07291,0.03533,,,1.10301,1.1218
0.99107,1.07224,0.03535,,,1.10373,1.12129
0.99135,1.07042,0.03529,,,1.10348,1.11921
0.99161,1.06773,0.03525,,,1.10355,1.11801
0.99187,1.06758,0.03542,,,1.10509,1.11639
0.99214,1.06929,0.03541,,,1.10406,1.11616
0.9924,1.06785,0.03547,,,1.1044,1.11628
0.99266,1.07013,0.03559,,,1.10627,1.11754
0.99293,1.07223,0.03566,,,1.10778,1.12097
0.9932,1.07185,0.03567,,,1.11075,1.1219
0.99346,1.07061,0.03564,,,1.11236,1.12202
0.99371,1.06914,0.0357,,,1.1123,1.12163
0.99396,1.06927,0.03571,,,1.11285,1.11905
0.99421,1.06775,0.03579,,,1.11292,1.1183
0.99445,1.06733,0.03574,,,1.11158,1.11782
0.99469,1.06619,0.03576,,,1.11117,1.11796
0.99492,1.06501,0.03577,,,1.11328,1.11553
0.99516,1.0654,0.03581,,,1.11261,1.11359
0.99539,1.06533,0.03588,,,1.1102,1.11247
0.99562,1.06612,0.03592,,,1.10876,1.1142
0.99584,1.06564,0.03597,,,1.10865,1.11639
0.99608,1.06697,0.03602,,,1.10722,1.11849
0.9963,1.06691,0.03609,,,1.10797,1.11785
0.99654,1.06822,0.03612,,,1.10814,1.11894
0.99677,1.06904,0.03622,,,1.10831,1.11956
0.99701,1.07151,0.03632,,,1.10908,1.12066
0.99725,1.07105,0.03636,,,1.10883,1.11986
0.99748,1.07147,0.03641,,,1.10826,1.12003
0.99772,1.07233,0.03643,,,1.11139,1.12158
0.99796,1.07294,0.03651,,,1.11476,1.12302
0.9982,1.07354,0.03654,,,1.11488,1.12231
0.99843,1.07215,0.03652,,,1.11456,1.11981
0.99866,1.07346,0.03659,,,1.1151,1.11891
0.9989,1.07517,0.03671,,,1.11479,1.1195
0.99914,1.07642,0.03674,,,1.11344,1.11876
0.99939,1.0771,0.03684,,,1.11303,1.11932
0.99963,1.07859,0.03687,,,1.11301,1.1202
0.99988,1.07896,0.0369,,,1.11232,1.11989
1.00012,1.07737,0.03684,,,1.11171,1.11799
1.00035,1.07643,0.03684,,,1.11236,1.11684
1.00058,1.07673,0.03687,,,1.11308,1.11709
1.00081,1.07648,0.03689,,,1.11266,1.11656
1.00105,1.07716,0.03698,,,1.11286,1.11508
1.00128,1.07848,0.03702,,,1.1127,1.11653
1.00151,1.07783,0.03707,,,1.11371,1.11647
1.00175,1.08005,0.03714,,,1.11448,1.11738
1.00198,1.07904,0.03714,,,1.11407,1.11717
1.00221,1.07884,0.03719,,,1.11529,1.11917
1.00244,1.0796,0.03721,,,1.11565,1.11946
1.00267,1.07932,0.03723,,,1.11436,1.11895
1.0029,1.07836,0.03719,,,1.11495,1.11892
1.00311,1.07695,0.0372,,,1.11397,1.11733
1.00333,1.07735,0.03733,,,1.11338,1.11529
1.00356,1.07868,0.03732,,,1.11343,1.11412
1.00377,1.07809,0.03737,,,1.11508,1.11394
1.00399,1.07795,0.03741,,,1.11724,1.11476
1.00421,1.07792,0.03746,,,1.11813,1.11439
1.00442,1.0793,0.03751,,,1.12029,1.11427
1.00464,1.07997,0.03766,,,1.11966,1.11568
1.00486,1.08097,0.0376,,,1.12066,1.11507
1.00508,1.079,0.0376,,,1.12156,1.1146
1.00529,1.07775,0.0376,,,1.12224,1.1152
1.00549,1.07752,0.03765,,,1.12189,1.11576
1.0057,1.07813,0.03763,,,1.12234,1.11539
1.0059,1.07687,0.03765,,,1.12241,1.11636
1.00611,1.07845,0.03774,,,1.12223,1.1166
1.00632,1.0812,0.03789,,,1.12411,1.11631
1.00654,1.08441,0.038,,,1.12358,1.11711
1.00676,1.08481,0.03803,,,1.1238,1.1179
1.00698,1.08427,0.03802,,,1.12605,1.11831
1.0072,1.08333,0.03801,,,1.12633,1.11922
1.00741,1.08262,0.038,,,1.12537,1.11841
1.00761,1.08164,0.03803,,,1.1242,1.11732
1.00782,1.08281,0.03811,,,1.12423,1.11584
1.00803,1.0836,0.03816,,,1.12508,1.11523
1.00824,1.08402,0.03819,,,1.12561,1.11482
1.00845,1.08441,0.03823,,,1.12576,1.11593
1.00866,1.08462,0.03828,,,1.12773,1.11622
1.00887,1.08566,0.03832,,,1.128,1.11487
1.00908,1.08629,0.0383,,,1.12836,1.11466
1.00929,1.08526,0.03827,,,1.12866,1.1148
1.0095,1.08484,0.03834,,,1.12859,1.11516
1.0097,1.08482,0.03831,,,1.12879,1.116
1.00991,1.08628,0.03842,,,1.13025,1.1158
1.01011,1.08582,0.03841,,,1.13118,1.11552
1.01031,1.08451,0.03839,,,1.13044,1.11511
1.01051,1.08302,0.03838,,,1.13059,1.11401
1.0107,1.08366,0.03843,,,1.13001,1.11447
1.0109,1.08377,0.03841,,,1.12979,1.11485
1.01109,1.08245,0.03842,,,1.12965,1.11507
1.01128,1.08215,0.03844,,,1.13084,1.11447
1.01146,1.08186,0.03843,,,1.1323,1.11461
1.01165,1.08191,0.03845,,,1.1326,1.11432
1.01183,1.08173,0.03847,,,1.13243,1.11454
1.01202,1.08248,0.03852,,,1.13288,1.1144
1.0122,1.08295,0.03863,,,1.13421,1.11365
1.01239,1.08443,0.03867,,,1.13451,1.11284
1.01258,1.0842,0.03868,,,1.13469,1.1144
1.01276,1.08387,0.03869,,,1.13434,1.11555
1.01295,1.08385,0.03871,,,1.13506,1.1146
1.01313,1.08373,0.03868,,,1.13486,1.11448
1.01331,1.08422,0.03876,,,1.13503,1.11412
1.0135,1.08384,0.03879,,,1.13464,1.11531
1.01368,1.08506,0.03884,,,1.13378,1.11669
1.01386,1.08604,0.03886,,,1.13238,1.11657
1.01405,1.08546,0.03883,,,1.13215,1.11717
1.01423,1.08542,0.03893,,,1.13304,1.11555
1.01441,1.086,0.03894,,,1.13186,1.1158
1.01459,1.08584,0.03898,,,1.1323,1.11641
1.01478,1.08753,0.03908,,,1.13449,1.11732
1.01496,1.08778,0.03909,,,1.1355,1.1174
1.01514,1.08693,0.03906,,,1.13587,1.11753
1.01532,1.08787,0.03917,,,1.13659,1.11752
1.01551,1.08902,0.0392,,,1.13637,1.11626
1.01569,1.08943,0.03919,,,1.1364,1.1159
1.01587,1.0888,0.03922,,,1.13536,1.1159
1.01606,1.08999,0.03928,,,1.13685,1.11663
1.01624,1.08935,0.03929,,,1.13989,1.11687
1.01642,1.08975,0.03941,,,1.14128,1.11749
1.01661,1.09167,0.03946,,,1.14085,1.11728
1.01679,1.09125,0.0394,,,1.14196,1.11794
1.01697,1.09118,0.03944,,,1.14203,1.11803
1.01715,1.09162,0.03951,,,1.14279,1.11785
1.01734,1.09305,0.03957,,,1.14478,1.1208
1.01753,1.09429,0.03965,,,1.14506,1.12252
1.01772,1.09548,0.03966,,,1.14458,1.12305
1.0179,1.09523,0.0397,,,1.14384,1.12255
1.01809,1.09466,0.03971,,,1.14389,1.12283
1.01827,1.09388,0.03975,,,1.14423,1.12233
1.01845,1.09404,0.03976,,,1.14518,1.12215
1.01863,1.09326,0.03976,,,1.14395,1.12355
1.01881,1.09261,0.03975,,,1.1429,1.12439
1.01898,1.09194,0.03974,,,1.14254,1.1253
1.01916,1.09193,0.03978,,,1.14351,1.12655
1.01933,1.09139,0.0398,,,1.14444,1.12674
1.0195,1.09253,0.03988,,,1.14403,1.127
1.01968,1.09242,0.03986,,,1.14518,1.12752
1.01985,1.09273,0.0399,,,1.14558,1.12677
1.02002,1.09352,0.03993,,,1.1451,1.12704
1.0202,1.09439,0.03999,,,1.14485,1.1275
1.02037,1.09583,0.04005,,,1.14754,1.12862
1.02055,1.09588,0.04007,,,1.14853,1.12962
1.02073,1.09659,0.04006,,,1.14853,1.12919
1.0209,1.09596,0.04009,,,1.15011,1.12914
1.02108,1.09603,0.04012,,,1.14987,1.12959
1.02125,1.09591,0.04015,,,1.1489,1.13076
1.02142,1.09686,0.0402,,,1.14964,1.13214
1.0216,1.09656,0.04022,,,1.14849,1.13184
1.02177,1.09656,0.04021,,,1.14971,1.13259
1.02194,1.09556,0.04019,,,1.15076,1.1333
1.02211,1.09524,0.04025,,,1.15166,1.13264
1.02227,1.09563,0.04027,,,1.15255,1.13143
1.02244,1.09533,0.04029,,,1.15263,1.13006
1.02261,1.09532,0.04027,,,1.15228,1.1291
1.02277,1.09468,0.04028,,,1.15178,1.12807
1.02293,1.09492,0.04029,,,1.15201,1.12852
1.0231,1.09503,0.04032,,,1.15242,1.12851
1.02326,1.09514,0.04036,,,1.15197,1.12896
1.02342,1.09574,0.04038,,,1.15192,1.12906
1.02359,1.09803,0.04049,,,1.15191,1.12962
1.02376,1.09901,0.04053,,,1.15227,1.12979
1.02393,1.09936,0.04058,,,1.15246,1.13006
1.02409,1.09973,0.04057,,,1.15316,1.13021
1.02426,1.0986,0.04058,,,1.15267,1.12992
1.02442,1.09854,0.04057,,,1.15253,1.12956
1.02459,1.09904,0.04067,,,1.15224,1.13017
1.02475,1.09962,0.04065,,,1.15293,1.13187
1.02492,1.09878,0.04064,,,1.15301,1.13238
1.02508,1.09827,0.04064,,,1.15407,1.13337
1.02524,1.09775,0.04062,,,1.15415,1.13305
1.0254,1.09811,0.0407,,,1.1548,1.13339
1.02556,1.09937,0.04072,,,1.15456,1.13392
1.02572,1.09955,0.04071,,,1.15401,1.13386
1.02588,1.09973,0.04077,,,1.15299,1.13393
1.02604,1.09998,0.04078,,,1.15265,1.1335
1.0262,1.10056,0.04083,,,1.15337,1.13389
1.02637,1.10201,0.04087,,,1.15381,1.13519
1.02653,1.10259,0.04093,,,1.15304,1.13567
1.0267,1.10325,0.04096,,,1.15316,1.13544
1.02686,1.10343,0.04103,,,1.15312,1.13497
1.02703,1.10573,0.04116,,,1.15314,1.13579
1.0272,1.10715,0.04118,,,1.15249,1.13612
1.02737,1.1081,0.04123,,,1.1528,1.13588
1.02755,1.10801,0.04123,,,1.15406,1.13635
1.02772,1.10785,0.04122,,,1.15349,1.13566
1.02788,1.10679,0.0412,,,1.15375,1.13571
1.02805,1.10879,0.04131,,,1.1538,1.13673
1.02823,1.10971,0.04135,,,1.15386,1.1379
1.0284,1.10981,0.04131,,,1.15353,1.13788
1.02857,1.10896,0.04131,,,1.15371,1.13722
1.02874,1.10875,0.04133,,,1.15342,1.13624
1.0289,1.10869,0.04132,,,1.15311,1.13662
1.02907,1.10937,0.04141,,,1.15371,1.1368
1.02924,1.11022,0.04144,,,1.15408,1.13735
1.02941,1.10974,0.04142,,,1.15468,1.13805
1.02958,1.11038,0.0415,,,1.15465,1.13832
1.02974,1.1114,0.04157,,,1.15606,1.13795
1.02992,1.11281,0.04162,,,1.15641,1.13827
1.03009,1.11321,0.04161,,,1.15698,1.139
1.03026,1.11334,0.04164,,,1.1583,1.13781
1.03043,1.11333,0.04167,,,1.16042,1.13932
1.0306,1.11392,0.04175,,,1.16091,1.13998
1.03077,1.11457,0.04173,,,1.16141,1.13915
1.03094,1.11432,0.04174,,,1.1624,1.1391
1.03111,1.11383,0.04173,,,1.16213,1.13847
1.03128,1.11396,0.04176,,,1.16199,1.13841
1.03145,1.11496,0.04185,,,1.16263,1.13699
1.03162,1.11654,0.0419,,,1.16324,1.13737
1.03179,1.11636,0.04186,,,1.16369,1.13662
1.03196,1.11572,0.0419,,,1.16372,1.13597
1.03213,1.11577,0.04191,,,1.16377,1.13669
1.0323,1.11594,0.04193,,,1.16372,1.13652
1.03247,1.11623,0.04198,,,1.16423,1.13698
1.03264,1.11737,0.04205,,,1.16423,1.13688
1.03281,1.11849,0.04208,,,1.16434,1.13618
1.03298,1.11936,0.0421,,,1.16497,1.1363
1.03315,1.11953,0.04212,,,1.16537,1.13703
1.03333,1.11945,0.04214,,,1.1658,1.13657
1.0335,1.11985,0.0422,,,1.16634,1.13721
1.03367,1.12052,0.04219,,,1.16732,1.13745
1.03384,1.12089,0.04225,,,1.16727,1.13707
1.03401,1.121,0.04228,,,1.16596,1.13655
1.03418,1.12166,0.0423,,,1.16663,1.13611
1.03435,1.12063,0.04225,,,1.16588,1.13601
1.03452,1.12045,0.04231,,,1.16619,1.13603
1.03469,1.12085,0.04237,,,1.16596,1.13547
1.03486,1.12152,0.04236,,,1.1659,1.13618
1.03503,1.12144,0.04239,,,1.16597,1.13593
1.03519,1.12071,0.04237,,,1.16556,1.13502
1.03536,1.11995,0.04235,,,1.16573,1.13481
1.03552,1.11922,0.04233,,,1.16484,1.13611
1.03568,1.11836,0.04234,,,1.16522,1.13483
1.03584,1.11865,0.04235,,,1.16644,1.13509
1.036,1.11905,0.04239,,,1.16642,1.13486
1.03616,1.11992,0.04242,,,1.16771,1.13463
1.03632,1.12071,0.04245,,,1.16728,1.13474
1.03649,1.12078,0.04247,,,1.16729,1.13483
1.03665,1.12069,0.04245,,,1.1681,1.13435
1.03681,1.12032,0.04247,,,1.1677,1.13442
1.03697,1.12138,0.0425,,,1.16757,1.13464
1.03713,1.1205,0.04248,,,1.16703,1.13361
1.03728,1.12019,0.04247,,,1.16784,1.13414
1.03744,1.11957,0.04248,,,1.16717,1.13375
1.03759,1.11954,0.04249,,,1.1668,1.13373
1.03775,1.11983,0.04249,,,1.16646,1.13389
1.0379,1.1196,0.04249,,,1.16701,1.13465
1.03805,1.11958,0.04252,,,1.16732,1.13462
1.03821,1.12029,0.04255,,,1.16771,1.13552
1.03836,1.12069,0.04261,,,1.16757,1.13608
1.03852,1.12113,0.04262,,,1.16783,1.1363
1.03867,1.12058,0.04261,,,1.16896,1.13676
1.03882,1.12026,0.04261,,,1.16909,1.13605
1.03897,1.11996,0.04261,,,1.16835,1.13621
1.03912,1.12092,0.0427,,,1.16854,1.13615
1.03928,1.12194,0.04272,,,1.16848,1.13723
1.03943,1.1218,0.04268,,,1.1688,1.13755
1.03958,1.12182,0.04271,,,1.16992,1.13581
1.03973,1.12154,0.04276,,,1.17069,1.13512
1.03988,1.12236,0.04279,,,1.17086,1.13401
1.04004,1.12327,0.04283,,,1.1712,1.13381
1.04019,1.12397,0.04284,,,1.17121,1.13327
1.04034,1.12379,0.04284,,,1.1712,1.13263
1.0405,1.12481,0.04293,,,1.17147,1.13133
1.04065,1.12541,0.04293,,,1.17105,1.13075
1.0408,1.12552,0.04296,,,1.17137,1.13163
1.04096,1.12553,0.04298,,,1.17089,1.13161
1.04111,1.12564,0.04298,,,1.17095,1.13237
1.04126,1.12529,0.04302,,,1.17085,1.13239
1.04142,1.12613,0.04305,,,1.17059,1.13208
1.04157,1.12592,0.04301,,,1.17022,1.1321
1.04172,1.12529,0.04299,,,1.17003,1.13207
1.04187,1.12558,0.04303,,,1.16861,1.13342
1.04202,1.1263,0.04309,,,1.16825,1.13369
1.04217,1.12698,0.04311,,,1.16751,1.13266
1.04232,1.12734,0.04314,,,1.16624,1.13213
1.04247,1.12726,0.04315,,,1.16613,1.13199
1.04263,1.12764,0.04316,,,1.16585,1.13137
1.04278,1.12745,0.04318,,,1.16589,1.13082
1.04293,1.12778,0.04319,,,1.16648,1.1301
1.04308,1.128,0.04321,,,1.16677,1.13029
1.04323,1.12775,0.04321,,,1.16746,1.12994
1.04338,1.12835,0.04323,,,1.16665,1.12933
1.04352,1.12783,0.04326,,,1.16653,1.12879
1.04367,1.12785,0.04326,,,1.16566,1.12946
1.04382,1.12821,0.04327,,,1.16594,1.13084
1.04397,1.12802,0.0433,,,1.16586,1.1314
1.04412,1.12854,0.04334,,,1.16511,1.13116
1.04426,1.129,0.04337,,,1.16504,1.13104
1.04441,1.12896,0.0434,,,1.16524,1.13101
1.04456,1.12959,0.04343,,,1.16494,1.13118
1.04471,1.12976,0.04346,,,1.16569,1.13155
1.04485,1.13054,0.0435,,,1.16593,1.13115
1.045,1.13083,0.04351,,,1.16633,1.13038
1.04515,1.131,0.04351,,,1.16687,1.13071
1.0453,1.13023,0.04351,,,1.16752,1.13127
1.04544,1.1302,0.04351,,,1.16682,1.13161
1.04559,1.12984,0.04351,,,1.16611,1.13156
1.04573,1.12908,0.04347,,,1.16551,1.1309
1.04587,1.12888,0.04351,,,1.16536,1.13073
1.04602,1.12934,0.0435,,,1.16589,1.13129
1.04616,1.12819,0.04348,,,1.16587,1.13251
1.0463,1.12864,0.04351,,,1.16604,1.13222
1.04644,1.12902,0.04351,,,1.16612,1.13226
1.04658,1.12912,0.04354,,,1.16569,1.13214
1.04672,1.12898,0.04353,,,1.16564,1.13213
1.04685,1.12816,0.04348,,,1.1655,1.13167
1.04699,1.12772,0.04352,,,1.16513,1.13224
1.04713,1.12837,0.04355,,,1.16403,1.13216
1.04726,1.12794,0.04352,,,1.16399,1.13269
1.0474,1.12795,0.04353,,,1.16566,1.13328
1.04753,1.12829,0.04353,,,1.16591,1.1337
1.04767,1.12821,0.04357,,,1.16621,1.13399
1.0478,1.1289,0.04363,,,1.1674,1.13466
1.04794,1.12999,0.04365,,,1.16765,1.13551
1.04808,1.13019,0.04368,,,1.16763,1.13579
1.04822,1.13122,0.04371,,,1.16771,1.13591
1.04835,1.13174,0.04377,,,1.16816,1.13561
1.04849,1.13277,0.04378,,,1.16954,1.13597
1.04863,1.1324,0.04382,,,1.16876,1.13614
1.04877,1.13349,0.04385,,,1.16887,1.13591
1.04891,1.13355,0.04384,,,1.1691,1.13672
1.04905,1.13275,0.04381,,,1.16986,1.13698
1.04919,1.13174,0.0438,,,1.1695,1.13756
1.04932,1.1317,0.04381,,,1.16939,1.13761
1.04946,1.13185,0.04382,,,1.16933,1.13822
1.04959,1.13161,0.04382,,,1.16911,1.13779
1.04973,1.13264,0.04388,,,1.16967,1.13842
1.04986,1.13301,0.0439,,,1.16964,1.13847
1.05,1.134,0.04392,,,1.16926,1.1383
1.05014,1.13392,0.04393,,,1.16958,1.13811
1.05027,1.13458,0.04394,,,1.16963,1.13837
1.05041,1.13443,0.04397,,,1.16979,1.13827
1.05054,1.13458,0.04397,,,1.16968,1.13835
1.05068,1.13544,0.04404,,,1.17026,1.13876
1.05082,1.1365,0.04405,,,1.17045,1.13891
1.05096,1.1366,0.04406,,,1.17062,1.13834
1.05109,1.13632,0.04406,,,1.17111,1.13777
1.05123,1.13619,0.04409,,,1.17147,1.1377
1.05137,1.13655,0.04411,,,1.17178,1.13806
1.0515,1.13623,0.04414,,,1.17202,1.13772
1.05164,1.13743,0.04418,,,1.17255,1.13694
1.05178,1.1375,0.04419,,,1.17265,1.13719
1.05191,1.13883,0.04427,,,1.17251,1.13766
1.05205,1.13945,0.04426,,,1.17222,1.13811
1.05219,1.13944,0.04429,,,1.17281,1.13761
1.05233,1.1395,0.04429,,,1.17225,1.13764
1.05247,1.13903,0.04427,,,1.17165,1.13813
1.0526,1.1393,0.04433,,,1.17146,1.13829
1.05274,1.13951,0.04432,,,1.17111,1.1389
1.05288,1.13881,0.04426,,,1.17187,1.13885
1.05301,1.13803,0.04428,,,1.17179,1.13874
1.05314,1.13855,0.0443,,,1.17197,1.13884
1.05328,1.13834,0.0443,,,1.17158,1.13887
1.05341,1.13738,0.04428,,,1.17175,1.13872
1.05354,1.13758,0.04431,,,1.17237,1.13873
1.05367,1.13776,0.0443,,,1.17204,1.1394
1.0538,1.13747,0.04427,,,1.17192,1.13934
1.05393,1.13683,0.04428,,,1.17256,1.13858
1.05406,1.13685,0.04429,,,1.17228,1.13869
1.05419,1.13709,0.0443,,,1.1718,1.13849
1.05432,1.13681,0.04429,,,1.17185,1.13754
1.05444,1.13722,0.04434,,,1.17201,1.13831
1.05457,1.13755,0.04438,,,1.17225,1.1382
1.0547,1.13841,0.04439,,,1.17319,1.13775
1.05483,1.13868,0.04441,,,1.1739,1.13732
1.05496,1.13844,0.0444,,,1.17423,1.13792
1.05509,1.13919,0.04446,,,1.17445,1.13812
1.05522,1.13969,0.0445,,,1.17487,1.13835
1.05535,1.14047,0.04451,,,1.17575,1.13792
1.05548,1.14017,0.04453,,,1.17531,1.13772
1.0556,1.13988,0.04449,,,1.17434,1.13762
1.05573,1.14031,0.04454,,,1.17462,1.13728
1.05586,1.14072,0.04454,,,1.17366,1.13694
1.05599,1.14099,0.04456,,,1.17366,1.13728
1.05612,1.14105,0.04455,,,1.17407,1.13712
1.05625,1.14145,0.04457,,,1.17416,1.13663
1.05638,1.14114,0.04458,,,1.17411,1.13719
1.05651,1.14211,0.04463,,,1.17428,1.13726
1.05663,1.14227,0.04463,,,1.17418,1.13705
1.05676,1.14265,0.04464,,,1.17445,1.1377
1.05689,1.14237,0.04462,,,1.17438,1.13754
1.05702,1.14213,0.04465,,,1.17399,1.13754
1.05715,1.14188,0.04465,,,1.17423,1.1378
1.05727,1.14199,0.04465,,,1.17458,1.13827
1.0574,1.14184,0.04465,,,1.17383,1.13816
1.05752,1.14145,0.04467,,,1.1741,1.13847
1.05765,1.14181,0.04471,,,1.17463,1.13861
1.05778,1.14275,0.04472,,,1.1753,1.13884
1.0579,1.14326,0.04477,,,1.17573,1.13864
1.05803,1.14417,0.04482,,,1.17602,1.13884
1.05816,1.14424,0.04479,,,1.17737,1.13909
1.05828,1.14416,0.04483,,,1.17832,1.13967
1.05841,1.14491,0.04487,,,1.17838,1.14047
1.05854,1.14572,0.04492,,,1.17863,1.14129
1.05867,1.14619,0.04495,,,1.17855,1.14174
1.0588,1.14673,0.04497,,,1.17921,1.1413
1.05893,1.14768,0.04501,,,1.18002,1.14072
1.05906,1.14782,0.04502,,,1.18003,1.14041
1.05919,1.14844,0.04507,,,1.18052,1.14044
1.05932,1.14939,0.04512,,,1.18108,1.14073
1.05945,1.15058,0.04514,,,1.18122,1.14121
1.05958,1.15042,0.04515,,,1.18085,1.14173
1.05972,1.15019,0.04516,,,1.1808,1.14124
1.05985,1.14994,0.04515,,,1.18096,1.14119
1.05998,1.14978,0.04515,,,1.18126,1.14099
1.06011,1.14995,0.04517,,,1.18167,1.1414
1.06024,1.15034,0.04518,,,1.1815,1.14148
1.06037,1.15012,0.04517,,,1.18167,1.14131
1.0605,1.14995,0.04515,,,1.18157,1.14189
1.06062,1.14993,0.04521,,,1.18142,1.1425
1.06075,1.15121,0.04524,,,1.18177,1.14282
1.06088,1.15136,0.04531,,,1.18204,1.14308
1.06102,1.15305,0.04533,,,1.18325,1.14349
1.06115,1.15345,0.04539,,,1.18352,1.14372
1.06128,1.15456,0.04542,,,1.18402,1.14408
1.06141,1.15418,0.04542,,,1.18474,1.14402
1.06155,1.15487,0.04547,,,1.18478,1.14366
1.06168,1.15642,0.04556,,,1.18452,1.14354
1.06182,1.15786,0.04558,,,1.18461,1.14372
1.06195,1.15728,0.04555,,,1.18465,1.14308
1.06209,1.1565,0.04555,,,1.18436,1.14286
1.06222,1.15687,0.0456,,,1.18474,1.14331
1.06236,1.15761,0.04561,,,1.18522,1.14335
1.06249,1.15821,0.04566,,,1.18553,1.14336
1.06262,1.15824,0.04564,,,1.18549,1.14365
1.06276,1.15814,0.04568,,,1.18486,1.14391
1.06289,1.15863,0.04569,,,1.18507,1.14443
1.06303,1.15887,0.04572,,,1.1855,1.14439
1.06316,1.1588,0.04574,,,1.18615,1.14412
1.0633,1.15914,0.04575,,,1.18674,1.14502
1.06343,1.15929,0.0458,,,1.18664,1.14517
1.06356,1.16045,0.04585,,,1.18664,1.14529
1.0637,1.16045,0.04586,,,1.18631,1.14496
1.06383,1.16053,0.04586,,,1.18702,1.14495
1.06397,1.16009,0.04586,,,1.18802,1.14518
1.0641,1.15995,0.04585,,,1.1894,1.14543
1.06423,1.15946,0.04582,,,1.18937,1.14502
1.06436,1.15963,0.04587,,,1.18914,1.1444
1.0645,1.16036,0.04589,,,1.18891,1.144
1.06463,1.16059,0.04593,,,1.189,1.14364
1.06476,1.1611,0.04595,,,1.18954,1.14392
1.06489,1.16063,0.04592,,,1.18903,1.14466
1.06502,1.15992,0.04593,,,1.18921,1.14478
1.06515,1.15982,0.04591,,,1.19003,1.14486
1.06528,1.15962,0.04591,,,1.19027,1.14421
1.06541,1.15986,0.04594,,,1.19058,1.14406
1.06554,1.16022,0.04592,,,1.19103,1.14419
1.06567,1.15956,0.0459,,,1.19084,1.14406
1.0658,1.15945,0.04592,,,1.19111,1.14441
1.06593,1.1602,0.04595,,,1.1915,1.14443
1.06605,1.16021,0.04596,,,1.19156,1.14381
1.06618,1.16066,0.04601,,,1.19169,1.14334
1.06631,1.16094,0.04603,,,1.19246,1.14311
1.06644,1.16132,0.04602,,,1.19239,1.1428
1.06657,1.16062,0.04601,,,1.19297,1.14272
1.06669,1.16057,0.046,,,1.19327,1.14287
1.06682,1.16039,0.04601,,,1.19329,1.1429
1.06694,1.1601,0.04601,,,1.19283,1.14278
1.06707,1.16028,0.04602,,,1.19376,1.14212
1.06719,1.16032,0.04605,,,1.19363,1.14214
1.06732,1.16024,0.04604,,,1.19368,1.14242
1.06744,1.16062,0.04603,,,1.19368,1.14199
1.06757,1.16082,0.0461,,,1.19344,1.14221
1.06769,1.16122,0.04608,,,1.19354,1.14181
1.06782,1.16082,0.0461,,,1.19384,1.14206
1.06794,1.16117,0.0461,,,1.1948,1.14228
1.06806,1.16118,0.04611,,,1.19494,1.14278
1.06819,1.16108,0.04609,,,1.19541,1.14346
1.06831,1.16063,0.04608,,,1.1955,1.14338
1.06843,1.16028,0.04607,,,1.19656,1.14345
1.06855,1.15977,0.04608,,,1.19711,1.14257
1.06867,1.16027,0.0461,,,1.1967,1.14236
1.06879,1.16034,0.04609,,,1.19665,1.14258
1.06891,1.15955,0.04605,,,1.19644,1.14283
1.06903,1.15966,0.04608,,,1.19603,1.14298
1.06915,1.15929,0.04608,,,1.19628,1.14309
1.06927,1.15987,0.0461,,,1.19701,1.14343
1.06939,1.16063,0.04616,,,1.19796,1.14316
1.06951,1.16075,0.04617,,,1.19797,1.14263
1.06963,1.16152,0.04622,,,1.1983,1.14271
1.06975,1.16142,0.04622,,,1.19872,1.14248
1.06987,1.16122,0.04622,,,1.19866,1.14251
1.06999,1.16108,0.04623,,,1.19805,1.14225
1.07011,1.161,0.04621,,,1.19822,1.14231
1.07022,1.16059,0.0462,,,1.1986,1.14195
1.07034,1.15989,0.04617,,,1.19949,1.14145
1.07045,1.15915,0.04617,,,1.19929,1.14142
1.07057,1.15851,0.04614,,,1.19913,1.1417
1.07068,1.15853,0.04618,,,1.199,1.14111
1.07079,1.15925,0.04619,,,1.19925,1.14171
1.07091,1.15887,0.04618,,,1.19941,1.14207
1.07102,1.15889,0.04623,,,1.19929,1.14211
1.07113,1.15953,0.04622,,,1.19961,1.14194
1.07125,1.15987,0.04625,,,1.20048,1.14218
1.07136,1.1598,0.04623,,,1.2011,1.14248
1.07147,1.15938,0.04625,,,1.20106,1.14309
1.07159,1.15925,0.04627,,,1.20093,1.14322
1.0717,1.15939,0.04628,,,1.20066,1.14378
1.07181,1.15981,0.0463,,,1.20062,1.14483
1.07192,1.15995,0.0463,,,1.20083,1.14506
1.07203,1.15969,0.04629,,,1.20115,1.14575
1.07215,1.1596,0.04633,,,1.2008,1.14598
1.07226,1.15955,0.04632,,,1.20048,1.14622
1.07237,1.15986,0.04636,,,1.20061,1.14664
1.07248,1.16009,0.04636,,,1.20045,1.14656
1.07259,1.16016,0.04638,,,1.2008,1.1474
1.0727,1.15958,0.04636,,,1.20095,1.14836
1.07281,1.1596,0.04637,,,1.20086,1.14917
1.07292,1.15998,0.0464,,,1.20085,1.14943
1.07303,1.1603,0.04641,,,1.20129,1.15043
1.07314,1.16019,0.0464,,,1.20175,1.15105
1.07325,1.15988,0.0464,,,1.20145,1.15093
1.07335,1.15998,0.04641,,,1.20119,1.1512
1.07346,1.16079,0.04647,,,1.20104,1.15169
1.07357,1.16072,0.04646,,,1.20148,1.15126
1.07368,1.16084,0.04646,,,1.20142,1.15184
1.07379,1.16089,0.04649,,,1.20192,1.15304
1.0739,1.16087,0.04649,,,1.20168,1.15377
1.07401,1.16075,0.0465,,,1.20141,1.15458
1.07411,1.16049,0.0465,,,1.20147,1.15497
1.07422,1.16074,0.04655,,,1.20169,1.15554
1.07433,1.16104,0.04654,,,1.20177,1.15599
1.07443,1.16047,0.04654,,,1.20242,1.15671
1.07454,1.15995,0.04655,,,1.20243,1.15655
1.07465,1.16034,0.04658,,,1.20303,1.15595
1.07475,1.16084,0.04661,,,1.20359,1.15631
1.07486,1.16113,0.04663,,,1.20401,1.15723
1.07496,1.16131,0.04663,,,1.20441,1.15712
1.07507,1.16053,0.04661,,,1.20428,1.15683
1.07517,1.16011,0.04662,,,1.2051,1.15719
1.07528,1.15984,0.0466,,,1.20517,1.15754
1.07538,1.1598,0.04661,,,1.20608,1.15861
1.07548,1.15993,0.04664,,,1.2068,1.15894
1.07559,1.15999,0.04665,,,1.20781,1.15891
1.07569,1.1599,0.04668,,,1.20821,1.15905
1.07579,1.16044,0.04671,,,1.20842,1.15858
1.0759,1.16015,0.04668,,,1.20879,1.15877
1.076,1.16025,0.0467,,,1.20975,1.15947
1.0761,1.15995,0.0467,,,1.21059,1.15996
1.0762,1.16039,0.04676,,,1.21039,1.15991
1.0763,1.16065,0.04676,,,1.21049,1.16014
1.07641,1.16062,0.04677,,,1.21085,1.16038
1.07651,1.16064,0.04679,,,1.21123,1.16133
1.07661,1.16048,0.0468,,,1.21147,1.16145
1.07671,1.16031,0.04678,,,1.21135,1.16136
1.07681,1.1601,0.04679,,,1.21215,1.16152
1.07691,1.15998,0.04681,,,1.21316,1.16172
1.07701,1.15978,0.04684,,,1.21409,1.16237
1.07711,1.16038,0.04686,,,1.21432,1.16269
1.07721,1.16013,0.04685,,,1.21421,1.16319
1.07731,1.16046,0.04686,,,1.21495,1.16383
1.07741,1.1604,0.0469,,,1.2151,1.1639
1.07751,1.16084,0.04692,,,1.21589,1.16387
1.07761,1.16114,0.04694,,,1.2159,1.16385
1.07771,1.16185,0.04699,,,1.21579,1.16391
1.07781,1.16312,0.04705,,,1.21568,1.16494
1.07791,1.16357,0.04709,,,1.21598,1.16602
1.07801,1.16414,0.0471,,,1.21654,1.16605
1.07811,1.16408,0.04713,,,1.21654,1.16623
1.07821,1.16467,0.04715,,,1.21696,1.16631
1.07832,1.16491,0.04715,,,1.21716,1.16664
1.07842,1.16454,0.04713,,,1.21777,1.16647
1.07852,1.16422,0.04713,,,1.2179,1.16643
1.07862,1.16432,0.04715,,,1.21797,1.16696
1.07872,1.16525,0.04719,,,1.21805,1.16716
1.07882,1.16545,0.0472,,,1.21793,1.16672
1.07893,1.16546,0.04719,,,1.21822,1.16659
1.07903,1.16503,0.04718,,,1.21748,1.16688
1.07913,1.16465,0.04718,,,1.21768,1.16724
1.07923,1.16486,0.04721,,,1.21831,1.16697
1.07933,1.1658,0.04726,,,1.2188,1.16722
1.07943,1.16595,0.04729,,,1.21855,1.1667
1.07953,1.16652,0.04731,,,1.21804,1.16678
1.07963,1.16644,0.04733,,,1.2178,1.16648
1.07973,1.16706,0.04734,,,1.21738,1.16691
1.07983,1.16708,0.04735,,,1.21729,1.1676
1.07994,1.16716,0.04738,,,1.21728,1.16779
1.08004,1.1677,0.04739,,,1.2184,1.16814
1.08014,1.16734,0.0474,,,1.21876,1.1684
1.08024,1.16758,0.04742,,,1.21905,1.16857
1.08034,1.16766,0.04742,,,1.21919,1.16902
1.08044,1.167,0.04739,,,1.21907,1.1686
1.08054,1.16646,0.04743,,,1.21876,1.16876
1.08064,1.16616,0.04739,,,1.21863,1.16887
1.08073,1.16521,0.0474,,,1.21876,1.16923
1.08083,1.16532,0.04742,,,1.21938,1.16951
1.08093,1.16519,0.04742,,,1.21971,1.1694
1.08102,1.16489,0.04742,,,1.21994,1.16924
1.08112,1.16455,0.04744,,,1.22028,1.16935
1.08122,1.16476,0.04745,,,1.22,1.16953
1.08131,1.16472,0.04746,,,1.22008,1.16946
1.08141,1.165,0.04748,,,1.22045,1.17034
1.0815,1.16538,0.04749,,,1.22107,1.17063
1.0816,1.16597,0.04753,,,1.22103,1.17152
1.08169,1.16639,0.04754,,,1.22153,1.17158
1.08179,1.16622,0.04755,,,1.22163,1.17123
1.08188,1.16632,0.04755,,,1.22169,1.17139
1.08198,1.16595,0.04757,,,1.22152,1.1714
1.08207,1.16598,0.04759,,,1.22143,1.17206
1.08217,1.16606,0.04758,,,1.22133,1.17233
1.08226,1.16571,0.04759,,,1.22193,1.17249
1.08236,1.16555,0.04759,,,1.2222,1.17269
1.08245,1.16541,0.04759,,,1.22274,1.17385
1.08254,1.16518,0.04757,,,1.22294,1.17483
1.08264,1.16479,0.04758,,,1.22269,1.17516
1.08273,1.16501,0.0476,,,1.22322,1.17572
1.08282,1.1647,0.04761,,,1.22332,1.17606
1.08291,1.16483,0.04763,,,1.22344,1.1768
1.083,1.16526,0.04767,,,1.22386,1.17723
1.0831,1.16569,0.04769,,,1.22409,1.17717
1.08319,1.16608,0.04771,,,1.2247,1.17728
1.08328,1.16674,0.04775,,,1.22518,1.17761
1.08338,1.16711,0.04776,,,1.22551,1.17723
1.08347,1.16697,0.04776,,,1.22591,1.17748
1.08356,1.16705,0.04778,,,1.22566,1.17766
1.08365,1.16699,0.04776,,,1.22553,1.17752
1.08375,1.16695,0.04779,,,1.22581,1.17805
1.08384,1.16745,0.0478,,,1.22535,1.17788
1.08393,1.16757,0.04783,,,1.22493,1.17737
1.08402,1.16766,0.04784,,,1.2252,1.17812
1.08412,1.16794,0.04789,,,1.22563,1.17804
1.08421,1.16869,0.04789,,,1.2256,1.17776
1.0843,1.16861,0.0479,,,1.22601,1.17761
1.08439,1.16886,0.04792,,,1.22582,1.17763
1.08449,1.16875,0.04793,,,1.22598,1.17784
1.08458,1.16875,0.04794,,,1.22605,1.17823
1.08467,1.16911,0.04798,,,1.22615,1.17776
1.08477,1.16968,0.04801,,,1.22569,1.17767
1.08486,1.16981,0.04801,,,1.2267,1.17746
1.08495,1.16948,0.048,,,1.2268,1.17724
1.08504,1.16895,0.04801,,,1.2264,1.17727
1.08513,1.16896,0.048,,,1.22623,1.17713
1.08522,1.16841,0.04801,,,1.22652,1.1767
1.08531,1.16827,0.048,,,1.22653,1.17677
1.0854,1.16809,0.048,,,1.22625,1.17666
1.08549,1.16786,0.048,,,1.22632,1.17667
1.08558,1.16759,0.04801,,,1.22668,1.17653
1.08567,1.16762,0.04802,,,1.22629,1.176
1.08576,1.16782,0.04805,,,1.22693,1.17564
1.08585,1.16851,0.04809,,,1.22735,1.17573
1.08594,1.16895,0.04812,,,1.22769,1.17597
1.08603,1.16884,0.0481,,,1.22793,1.1767
1.08612,1.16842,0.0481,,,1.2283,1.17686
1.08621,1.16795,0.04811,,,1.22839,1.17627
1.08629,1.16812,0.04812,,,1.2281,1.17633
1.08638,1.16828,0.04812,,,1.22788,1.17649
1.08647,1.16797,0.04809,,,1.22818,1.17643
1.08656,1.16766,0.04811,,,1.22812,1.1762
1.08664,1.16742,0.0481,,,1.22798,1.17624
1.08673,1.16718,0.0481,,,1.22821,1.17601
1.08681,1.16718,0.0481,,,1.22814,1.176
1.0869,1.16739,0.04814,,,1.22786,1.17595
1.08699,1.16743,0.04813,,,1.22783,1.17553
1.08707,1.1673,0.04814,,,1.22803,1.17542
1.08716,1.16759,0.04817,,,1.22865,1.17503
1.08724,1.16793,0.04817,,,1.22892,1.17464
1.08733,1.1678,0.04818,,,1.22891,1.17452
1.08741,1.16816,0.0482,,,1.22861,1.17479
1.0875,1.16778,0.04819,,,1.22918,1.17469
1.08758,1.16764,0.04818,,,1.23011,1.17448
1.08767,1.16746,0.04819,,,1.22989,1.17479
1.08775,1.16738,0.04821,,,1.22927,1.17483
1.08784,1.16778,0.04824,,,1.22902,1.17459
1.08792,1.16798,0.04823,,,1.22902,1.17477
1.088,1.16801,0.04825,,,1.22907,1.17494
1.08809,1.16793,0.04824,,,1.22928,1.17441
1.08817,1.16764,0.04826,,,1.2295,1.17407
1.08826,1.16773,0.04824,,,1.22952,1.17436
1.08834,1.16795,0.04827,,,1.22927,1.17423
1.08842,1.16766,0.04825,,,1.22946,1.1741
1.0885,1.16751,0.04827,,,1.22864,1.17386
1.08859,1.16779,0.04827,,,1.22836,1.174
1.08867,1.16749,0.04827,,,1.22763,1.17412
1.08875,1.1675,0.0483,,,1.22765,1.17429
1.08883,1.16796,0.0483,,,1.22774,1.17378
1.08892,1.1679,0.0483,,,1.22769,1.17376
1.089,1.16787,0.0483,,,1.22772,1.174
1.08908,1.16805,0.04834,,,1.22745,1.17441
1.08916,1.16823,0.04832,,,1.22784,1.17494
1.08924,1.16803,0.04833,,,1.22773,1.17524
1.08933,1.16825,0.04836,,,1.22758,1.17541
1.08941,1.16833,0.04837,,,1.22681,1.17507
1.08949,1.16869,0.04839,,,1.22652,1.17484
1.08957,1.16877,0.0484,,,1.22618,1.17495
1.08965,1.16902,0.04843,,,1.22656,1.17493
1.08973,1.16925,0.04844,,,1.22655,1.17566
1.08982,1.1691,0.04845,,,1.22631,1.17589
1.0899,1.16901,0.04844,,,1.2265,1.17607
1.08998,1.16896,0.04845,,,1.22697,1.17716
1.09006,1.16903,0.04847,,,1.22666,1.17782
1.09014,1.16898,0.04845,,,1.22612,1.17793
1.09022,1.16889,0.04848,,,1.22584,1.17777
1.0903,1.16916,0.04849,,,1.22603,1.17805
1.09038,1.16971,0.04851,,,1.22585,1.17791
1.09046,1.16936,0.04848,,,1.22549,1.17748
1.09054,1.16887,0.04847,,,1.22558,1.17757
1.09062,1.16868,0.04847,,,1.22504,1.17763
1.0907,1.16866,0.04849,,,1.22491,1.17754
1.09078,1.16847,0.04851,,,1.22472,1.17741
1.09086,1.16799,0.04849,,,1.22453,1.1774
1.09094,1.16815,0.04851,,,1.22422,1.17786
1.09102,1.16835,0.0485,,,1.22421,1.17791
1.09109,1.16861,0.04853,,,1.22386,1.17799
1.09117,1.16887,0.04853,,,1.22356,1.17784
1.09125,1.16821,0.04852,,,1.22326,1.17758
1.09133,1.16789,0.0485,,,1.22337,1.17753
1.0914,1.16763,0.0485,,,1.22387,1.1784
1.09148,1.16773,0.04852,,,1.22414,1.17878
1.09156,1.16815,0.04855,,,1.22408,1.17848
1.09164,1.16846,0.04856,,,1.22389,1.17777
1.09171,1.16833,0.04856,,,1.2242,1.17747
1.09179,1.16875,0.0486,,,1.22473,1.17789
1.09187,1.16874,0.04858,,,1.22447,1.17766
1.09194,1.1683,0.04857,,,1.22407,1.17751
1.09202,1.16812,0.04858,,,1.22359,1.17776
1.0921,1.16812,0.04857,,,1.22412,1.17802
1.09217,1.1678,0.04857,,,1.22423,1.17807
1.09225,1.16762,0.04857,,,1.22434,1.17808
1.09232,1.16792,0.04859,,,1.22387,1.17821
1.0924,1.16825,0.04863,,,1.22415,1.17851
1.09247,1.16839,0.04862,,,1.2236,1.17828
1.09255,1.16777,0.0486,,,1.22361,1.17813
1.09262,1.16792,0.04865,,,1.22401,1.17859
1.0927,1.16844,0.04867,,,1.22411,1.1789
1.09277,1.16875,0.0487,,,1.22396,1.17899
1.09285,1.16866,0.0487,,,1.22389,1.17856
1.09292,1.16839,0.0487,,,1.2243,1.17835
1.093,1.16818,0.0487,,,1.22479,1.17894
1.09307,1.16779,0.04872,,,1.22503,1.17926
1.09314,1.16827,0.04876,,,1.22495,1.1797
1.09322,1.16847,0.04874,,,1.22492,1.17957
1.09329,1.16824,0.04875,,,1.22467,1.17957
1.09336,1.16825,0.04875,,,1.22454,1.17969
1.09344,1.16842,0.04875,,,1.22456,1.17972
1.09351,1.1685,0.04878,,,1.22484,1.17972
1.09359,1.16883,0.04878,,,1.22505,1.17993
1.09366,1.16868,0.0488,,,1.22541,1.18028
1.09373,1.16928,0.04882,,,1.22468,1.17991
1.09381,1.16964,0.04885,,,1.22465,1.17979
1.09388,1.16996,0.04886,,,1.2247,1.17987
1.09395,1.16982,0.04886,,,1.2244,1.18032
1.09403,1.1697,0.04887,,,1.22448,1.18113
1.0941,1.1699,0.04887,,,1.2244,1.18119
1.09418,1.16971,0.04885,,,1.22427,1.18137
1.09425,1.16917,0.04886,,,1.22415,1.18127
1.09432,1.16968,0.04886,,,1.22368,1.18169
1.09439,1.16979,0.04888,,,1.2238,1.18159
1.09447,1.16992,0.04889,,,1.22436,1.18224
1.09454,1.1703,0.04891,,,1.22449,1.18227
1.09461,1.17051,0.04894,,,1.2241,1.18221
1.09469,1.17111,0.04897,,,1.22428,1.18217
1.09476,1.17151,0.04897,,,1.22427,1.1824
1.09484,1.17119,0.04897,,,1.22436,1.18185
1.09491,1.17143,0.04898,,,1.22451,1.18137
1.09498,1.17145,0.04898,,,1.22387,1.18145
1.09506,1.17118,0.04897,,,1.22373,1.18135
1.09513,1.17118,0.04901,,,1.22353,1.18092
1.0952,1.17153,0.04904,,,1.22344,1.181
1.09528,1.17178,0.04904,,,1.22349,1.18112
1.09535,1.17186,0.04904,,,1.22343,1.18146
1.09542,1.17143,0.04904,,,1.22317,1.18185
1.09549,1.1715,0.04903,,,1.22267,1.1816
1.09557,1.17183,0.04908,,,1.2223,1.18154
1.09564,1.17216,0.0491,,,1.22234,1.18166
1.09571,1.17256,0.0491,,,1.22244,1.18115
1.09579,1.1732,0.04913,,,1.22283,1.18135
1.09586,1.17306,0.04912,,,1.22243,1.18113
1.09593,1.17269,0.04911,,,1.22193,1.18134
1.09601,1.17284,0.04911,,,1.22247,1.1812
1.09608,1.17254,0.04911,,,1.22241,1.18108
1.09615,1.17254,0.04911,,,1.22246,1.18113
1.09622,1.17225,0.04912,,,1.22302,1.18163
1.09629,1.17265,0.04914,,,1.22292,1.18188
1.09637,1.17329,0.04918,,,1.22291,1.18199
1.09644,1.17369,0.0492,,,1.22276,1.18158
1.09651,1.17444,0.04924,,,1.22249,1.182
1.09659,1.17524,0.04928,,,1.22266,1.1827
1.09666,1.17546,0.04928,,,1.22258,1.18289
1.09674,1.17531,0.04928,,,1.22258,1.1832
1.09681,1.17494,0.04928,,,1.22257,1.18362
1.09688,1.17484,0.0493,,,1.2233,1.1842
1.09695,1.17508,0.04929,,,1.22339,1.18424
1.09703,1.17469,0.04928,,,1.22365,1.18405
1.0971,1.17457,0.0493,,,1.22372,1.18408
1.09717,1.17457,0.04929,,,1.22327,1.18423
1.09724,1.17471,0.04929,,,1.22331,1.18455
1.09732,1.17456,0.04929,,,1.22369,1.18427
1.09739,1.17438,0.04928,,,1.2241,1.1842
1.09746,1.17413,0.04928,,,1.22435,1.18406
1.09753,1.17405,0.04931,,,1.2244,1.18395
1.0976,1.17464,0.04932,,,1.22452,1.18399
1.09767,1.1748,0.04933,,,1.22513,1.18386
1.09775,1.17448,0.04932,,,1.22518,1.18423
1.09782,1.17427,0.04932,,,1.22573,1.18471
1.09789,1.17421,0.04931,,,1.2257,1.18432
1.09796,1.17418,0.04933,,,1.22575,1.18494
1.09803,1.17396,0.04933,,,1.22532,1.18474
1.0981,1.17428,0.04936,,,1.22515,1.18515
1.09817,1.17436,0.04937,,,1.22496,1.18555
1.09824,1.17492,0.04941,,,1.22481,1.18565
1.09831,1.175,0.04941,,,1.22498,1.18575
1.09838,1.17512,0.0494,,,1.22501,1.18611
1.09845,1.17497,0.04941,,,1.22476,1.18655
1.09852,1.17485,0.04942,,,1.22459,1.18588
1.09859,1.17489,0.04944,,,1.22432,1.18627
1.09866,1.17528,0.04946,,,1.22421,1.18623
1.09873,1.17507,0.04945,,,1.22428,1.18654
1.0988,1.17508,0.04944,,,1.22396,1.18664
1.09887,1.17502,0.04944,,,1.22369,1.18654
1.09894,1.17492,0.04944,,,1.22351,1.18672
1.09901,1.17499,0.04944,,,1.2234,1.18681
1.09908,1.17528,0.04945,,,1.22308,1.18697
1.09915,1.17516,0.04945,,,1.22306,1.18696
1.09922,1.17514,0.04946,,,1.22291,1.1867
1.09929,1.17468,0.04945,,,1.22314,1.18657
1.09935,1.17463,0.04945,,,1.22268,1.18649
1.09942,1.17465,0.04945,,,1.22275,1.18667
1.09949,1.1744,0.04945,,,1.22259,1.18681
1.09956,1.17431,0.04945,,,1.22263,1.1867
1.09963,1.17416,0.04945,,,1.22301,1.18621
1.09969,1.17412,0.04944,,,1.22292,1.18621
1.09976,1.17375,0.04945,,,1.22298,1.18627
1.09983,1.1736,0.04945,,,1.22261,1.18612
1.09989,1.17296,0.04943,,,1.22273,1.18612
1.09996,1.17288,0.04942,,,1.22298,1.18587
1.10002,1.17238,0.04942,,,1.22286,1.18609
1.10009,1.1727,0.04943,,,1.22278,1.18617
1.10015,1.17267,0.04943,,,1.22252,1.18583
1.10022,1.17242,0.04944,,,1.22291,1.18576
1.10028,1.17241,0.04943,,,1.22304,1.18594
1.10035,1.17212,0.04944,,,1.22277,1.1862
1.10041,1.1727,0.04947,,,1.22246,1.1863
1.10048,1.17262,0.04947,,,1.22192,1.18613
1.10054,1.17243,0.04947,,,1.2213,1.18643
1.1006,1.17224,0.04948,,,1.22105,1.18598
1.10067,1.17274,0.0495,,,1.22027,1.18618
1.10073,1.17289,0.0495,,,1.2207,1.18663
1.1008,1.17266,0.0495,,,1.22023,1.1867
1.10086,1.17221,0.04949,,,1.22019,1.18632
1.10092,1.1722,0.0495,,,1.22016,1.18642
1.10099,1.1725,0.04951,,,1.22034,1.18694
1.10105,1.17235,0.0495,,,1.22021,1.18753
1.10111,1.17239,0.04952,,,1.22032,1.18774
1.10118,1.17259,0.04954,,,1.22026,1.18807
1.10124,1.17287,0.04956,,,1.22011,1.18825
1.1013,1.17328,0.04956,,,1.22024,1.18831
1.10137,1.17303,0.04954,,,1.22059,1.18843
1.10143,1.17289,0.04955,,,1.22129,1.18838
1.10149,1.17272,0.04957,,,1.22158,1.1882
1.10156,1.17281,0.04958,,,1.22181,1.18783
1.10162,1.17266,0.04957,,,1.222,1.18792
1.10168,1.17247,0.04958,,,1.22141,1.18808
1.10174,1.17298,0.04959,,,1.22147,1.18806
1.10181,1.17303,0.04961,,,1.22148,1.18774
1.10187,1.17321,0.04961,,,1.22196,1.18791
1.10193,1.17325,0.04961,,,1.22193,1.18776
1.10199,1.173,0.04962,,,1.22196,1.18761
1.10206,1.17335,0.04962,,,1.22282,1.18762
1.10212,1.17332,0.04964,,,1.22288,1.18715
1.10218,1.17366,0.04965,,,1.22289,1.18697
1.10224,1.1734,0.04964,,,1.2233,1.18677
1.1023,1.17337,0.04964,,,1.22313,1.18644
1.10237,1.17321,0.04964,,,1.2231,1.18613
1.10243,1.17329,0.04966,,,1.22301,1.18584
1.10249,1.17326,0.04967,,,1.22246,1.18576
1.10255,1.17288,0.04964,,,1.22221,1.18583
1.10261,1.17248,0.04964,,,1.22198,1.18578
1.10267,1.17217,0.04963,,,1.22186,1.18558
1.10273,1.17263,0.04967,,,1.2217,1.18601
1.10279,1.17284,0.04967,,,1.22163,1.18645
1.10285,1.17272,0.04967,,,1.22174,1.18675
1.10291,1.17245,0.04965,,,1.22132,1.18666
1.10297,1.17205,0.04966,,,1.22092,1.18646
1.10303,1.17257,0.04967,,,1.22111,1.18644
1.10309,1.1722,0.04968,,,1.2209,1.18669
1.10315,1.17253,0.04967,,,1.22073,1.18671
1.10321,1.17237,0.04967,,,1.22085,1.18683
1.10327,1.17259,0.0497,,,1.22054,1.18728
1.10333,1.17299,0.04971,,,1.22061,1.18742
1.10339,1.17298,0.04971,,,1.2205,1.18744
1.10345,1.173,0.0497,,,1.22014,1.1871
1.10351,1.17264,0.04969,,,1.22013,1.1873
1.10357,1.17267,0.04971,,,1.2203,1.18735
1.10363,1.17328,0.04974,,,1.22045,1.18751
1.10369,1.17335,0.04973,,,1.22071,1.18749
1.10375,1.1732,0.04975,,,1.22065,1.18736
1.10381,1.17312,0.04974,,,1.2206,1.18769
1.10387,1.17343,0.04977,,,1.22046,1.18809
1.10392,1.17361,0.04976,,,1.22078,1.18811
1.10398,1.17336,0.04978,,,1.22074,1.18827
1.10404,1.17364,0.0498,,,1.22099,1.1883
1.1041,1.17392,0.0498,,,1.22121,1.18838
1.10416,1.17394,0.04981,,,1.22128,1.1886
1.10422,1.1741,0.04981,,,1.22117,1.18893
1.10428,1.17386,0.04981,,,1.2216,1.18903
1.10434,1.17371,0.04983,,,1.22136,1.18899
1.1044,1.17418,0.04984,,,1.22123,1.18927
1.10446,1.17432,0.04982,,,1.22106,1.18957
1.10452,1.17417,0.04984,,,1.22094,1.19037
1.10457,1.17415,0.04984,,,1.22094,1.19036
1.10463,1.17399,0.04983,,,1.22065,1.19063
1.10469,1.17333,0.04981,,,1.22083,1.19096
1.10475,1.17376,0.04984,,,1.22052,1.19188
1.10481,1.17371,0.04983,,,1.22086,1.19258
1.10486,1.17363,0.04982,,,1.22059,1.19297
1.10492,1.1731,0.04979,,,1.22064,1.19287
1.10498,1.17282,0.04979,,,1.22101,1.19257
1.10504,1.17286,0.04979,,,1.22113,1.19297
1.10509,1.1728,0.04978,,,1.22084,1.19327
1.10515,1.17257,0.04977,,,1.2206,1.19351
1.1052,1.17214,0.04975,,,1.22039,1.19354
1.10526,1.17194,0.04978,,,1.22037,1.19439
1.10532,1.17195,0.04978,,,1.22037,1.19477
1.10537,1.17181,0.04978,,,1.22005,1.19526
1.10543,1.17181,0.04978,,,1.22056,1.19557
1.10548,1.17177,0.04977,,,1.22111,1.19551
1.10554,1.17145,0.04976,,,1.22077,1.19575
1.10559,1.17154,0.04977,,,1.22098,1.19539
1.10565,1.17162,0.04978,,,1.22091,1.19547
1.1057,1.17188,0.04979,,,1.22113,1.19565
1.10576,1.17182,0.0498,,,1.2211,1.19549
1.10581,1.17189,0.0498,,,1.22152,1.19541
1.10586,1.17152,0.04979,,,1.22143,1.19541
1.10592,1.17124,0.04977,,,1.22141,1.19518
1.10597,1.17086,0.04977,,,1.2213,1.19522
1.10603,1.17073,0.04976,,,1.22095,1.19571
1.10608,1.1706,0.04977,,,1.22079,1.19591
1.10613,1.17095,0.04978,,,1.2206,1.19579
1.10619,1.1708,0.04977,,,1.22063,1.19625
1.10624,1.1706,0.04975,,,1.22058,1.19653
1.10629,1.17003,0.04973,,,1.22009,1.19686
1.10634,1.16986,0.04973,,,1.22007,1.19732
1.10639,1.16911,0.0497,,,1.22005,1.19789
1.10645,1.16902,0.04971,,,1.22004,1.19793
1.1065,1.16878,0.0497,,,1.22016,1.19795
1.10655,1.16891,0.04971,,,1.21994,1.19828
1.1066,1.16913,0.04972,,,1.21961,1.19875
1.10665,1.16927,0.04973,,,1.21945,1.1994
1.1067,1.16933,0.04975,,,1.21932,1.19969
1.10675,1.16927,0.04974,,,1.21917,1.19967
1.1068,1.16911,0.04975,,,1.21948,1.19969
1.10685,1.1689,0.04975,,,1.21958,1.19987
1.1069,1.16887,0.04976,,,1.21959,1.20006
1.10696,1.16885,0.04975,,,1.22,1.20035
1.10701,1.16867,0.04975,,,1.22026,1.2002
1.10706,1.16852,0.04974,,,1.22009,1.20093
1.1071,1.16816,0.04974,,,1.21991,1.20118
1.10715,1.16808,0.04976,,,1.21988,1.2009
1.1072,1.16827,0.04976,,,1.21993,1.20118
1.10725,1.1686,0.04978,,,1.21973,1.20158
1.1073,1.16855,0.04976,,,1.2199,1.20189
1.10735,1.1682,0.04975,,,1.21949,1.20232
1.1074,1.16771,0.04974,,,1.21963,1.20232
1.10745,1.16783,0.04975,,,1.21945,1.20206
1.1075,1.16773,0.04976,,,1.21923,1.20202
1.10755,1.16771,0.04975,,,1.21945,1.2021
1.10759,1.16741,0.04974,,,1.21959,1.20244
1.10764,1.16719,0.04975,,,1.21903,1.20238
1.10769,1.16725,0.04975,,,1.21909,1.20267
1.10774,1.16714,0.04975,,,1.21938,1.20261
1.10779,1.16678,0.04975,,,1.21938,1.20312
1.10783,1.16647,0.04973,,,1.21939,1.20313
1.10788,1.16647,0.04975,,,1.21911,1.20302
1.10793,1.16682,0.04975,,,1.21908,1.20333
1.10797,1.16674,0.04977,,,1.21893,1.20375
1.10802,1.16706,0.04978,,,1.21863,1.20438
1.10807,1.16745,0.04979,,,1.21815,1.20493
1.10812,1.16728,0.04977,,,1.21794,1.20512
1.10816,1.16705,0.04979,,,1.21735,1.20529
1.10821,1.16724,0.0498,,,1.21707,1.20552
1.10826,1.1672,0.04978,,,1.21661,1.20582
1.1083,1.1668,0.04977,,,1.21679,1.20577
1.10835,1.16639,0.04976,,,1.21654,1.2054
1.1084,1.16662,0.04978,,,1.2169,1.205
1.10844,1.16666,0.04976,,,1.21688,1.20529
1.10849,1.16635,0.04976,,,1.2166,1.2057
1.10853,1.16615,0.04977,,,1.21615,1.206
1.10858,1.1661,0.04976,,,1.21626,1.20611
1.10862,1.16578,0.04976,,,1.21653,1.20633
1.10867,1.16566,0.04974,,,1.21655,1.20659
1.10871,1.16531,0.04975,,,1.21661,1.20641
1.10876,1.16564,0.04976,,,1.21685,1.20628
1.1088,1.16603,0.04978,,,1.21712,1.20632
1.10885,1.16625,0.04981,,,1.2169,1.20639
1.10889,1.16662,0.04981,,,1.21699,1.20682
1.10894,1.16644,0.0498,,,1.21732,1.20682
1.10898,1.16634,0.04981,,,1.21776,1.20656
1.10903,1.1666,0.04983,,,1.218,1.20647
1.10908,1.16677,0.04984,,,1.21817,1.20636
1.10912,1.16687,0.04984,,,1.21807,1.20586
1.10917,1.16643,0.04983,,,1.21796,1.20584
1.10921,1.16633,0.04982,,,1.21762,1.20575
1.10925,1.16598,0.04982,,,1.21741,1.20579
1.1093,1.16612,0.04982,,,1.21741,1.20599
1.10934,1.16602,0.04984,,,1.21718,1.206
1.10939,1.16616,0.04985,,,1.21712,1.20585
1.10943,1.16625,0.04985,,,1.21707,1.20616
1.10948,1.16631,0.04985,,,1.21724,1.20628
1.10952,1.16648,0.04987,,,1.21707,1.20667
1.10956,1.16662,0.04987,,,1.21691,1.20693
1.10961,1.16685,0.04989,,,1.21643,1.20732
1.10965,1.16679,0.04988,,,1.21635,1.20736
1.1097,1.16645,0.04988,,,1.2161,1.20701
1.10974,1.16645,0.04987,,,1.21591,1.20757
1.10979,1.16635,0.04988,,,1.21534,1.20789
1.10983,1.1663,0.04988,,,1.21513,1.20805
1.10987,1.16599,0.04985,,,1.21495,1.20818
1.10992,1.16531,0.04984,,,1.21472,1.20905
1.10996,1.16533,0.04985,,,1.21454,1.20898
1.11,1.16511,0.04984,,,1.2146,1.20926
1.11004,1.16469,0.04982,,,1.21438,1.20912
1.11009,1.1646,0.04984,,,1.21436,1.20872
1.11013,1.16452,0.04983,,,1.21441,1.20872
1.11017,1.16432,0.04982,,,1.21463,1.20897
1.11021,1.16424,0.04982,,,1.2142,1.20912
1.11025,1.16393,0.0498,,,1.21388,1.20954
1.11029,1.16381,0.04981,,,1.21393,1.20944
1.11033,1.16421,0.04983,,,1.21405,1.20942
1.11038,1.16411,0.04983,,,1.21417,1.20938
1.11042,1.16411,0.04983,,,1.21439,1.20954
1.11046,1.1641,0.04984,,,1.21391,1.20938
1.1105,1.16413,0.04983,,,1.21364,1.20959
1.11054,1.16393,0.04983,,,1.21342,1.20966
1.11058,1.16363,0.04984,,,1.21295,1.20985
1.11062,1.16373,0.04984,,,1.21255,1.20955
1.11066,1.16363,0.04984,,,1.21256,1.20979
1.1107,1.16338,0.04982,,,1.21269,1.20994
1.11074,1.1632,0.04982,,,1.2125,1.20964
1.11078,1.16314,0.04981,,,1.21238,1.20925
1.11082,1.16324,0.04982,,,1.2126,1.20936
1.11086,1.16347,0.04983,,,1.21276,1.20955
1.1109,1.16312,0.04982,,,1.21274,1.20944
1.11094,1.16258,0.04981,,,1.21224,1.20911
1.11098,1.16226,0.04981,,,1.21202,1.20917
1.11102,1.1622,0.04982,,,1.21208,1.20907
1.11106,1.16259,0.04983,,,1.21192,1.20874
1.1111,1.16269,0.04983,,,1.2118,1.20893
1.11113,1.16266,0.04985,,,1.21164,1.20917
1.11117,1.16286,0.04985,,,1.21154,1.20926
1.11121,1.16289,0.04986,,,1.21112,1.20957
1.11125,1.16345,0.04989,,,1.21183,1.20962
1.11129,1.16353,0.04989,,,1.21208,1.20969
1.11133,1.16364,0.04989,,,1.21161,1.2096
1.11137,1.16297,0.04987,,,1.21091,1.2095
1.11141,1.16299,0.04988,,,1.21091,1.20962
1.11145,1.1631,0.04987,,,1.21078,1.21003
1.11149,1.16277,0.04986,,,1.21075,1.20988
1.11152,1.16266,0.04986,,,1.21071,1.21007
1.11156,1.16264,0.04986,,,1.21097,1.20933
1.1116,1.16293,0.04985,,,1.21084,1.20939
1.11164,1.16274,0.04984,,,1.21062,1.20936
1.11168,1.16247,0.04983,,,1.21025,1.2096
1.11171,1.16228,0.04983,,,1.20961,1.20911
1.11175,1.16225,0.04986,,,1.20938,1.20906
1.11179,1.16233,0.04985,,,1.20965,1.20959
1.11183,1.16257,0.04985,,,1.20935,1.20944
1.11187,1.16244,0.04984,,,1.20907,1.20963
1.1119,1.16225,0.04983,,,1.20903,1.20966
1.11194,1.16235,0.04984,,,1.20924,1.20971
1.11198,1.16266,0.04985,,,1.20927,1.20967
1.11202,1.16277,0.04986,,,1.20908,1.20964
1.11205,1.16285,0.04986,,,1.20928,1.20956
1.11209,1.16282,0.04987,,,1.20914,1.20959
1.11213,1.16306,0.04987,,,1.20911,1.2093
1.11217,1.16298,0.04988,,,1.20924,1.20939
1.1122,1.16293,0.04986,,,1.20914,1.20921
1.11224,1.163,0.04987,,,1.20972,1.20939
1.11228,1.16318,0.04988,,,1.20976,1.20946
1.11232,1.16352,0.0499,,,1.20982,1.20944
1.11235,1.16351,0.04989,,,1.20981,1.2095
1.11239,1.16364,0.04991,,,1.20958,1.20924
1.11243,1.16379,0.04991,,,1.2098,1.20923
1.11247,1.16395,0.0499,,,1.20991,1.20904
1.11251,1.1639,0.04991,,,1.20982,1.20909
1.11254,1.16406,0.04992,,,1.20937,1.20918
1.11258,1.16445,0.04994,,,1.20957,1.20908
1.11262,1.16476,0.04995,,,1.20946,1.20861
1.11266,1.16485,0.04996,,,1.20916,1.20871
1.1127,1.1649,0.04996,,,1.20895,1.20901
1.11274,1.16472,0.04996,,,1.20904,1.20886
1.11277,1.16481,0.04997,,,1.2091,1.20918
1.11281,1.16486,0.04998,,,1.20885,1.20892
1.11285,1.16541,0.05,,,1.20862,1.20917
1.11289,1.1655,0.05001,,,1.20834,1.2091
1.11293,1.16585,0.05002,,,1.20854,1.20923
1.11297,1.16592,0.05002,,,1.20854,1.20928
1.113,1.16624,0.05004,,,1.20835,1.20958
1.11304,1.16626,0.05004,,,1.2083,1.20956
1.11308,1.16625,0.05004,,,1.2084,1.20945
1.11312,1.16615,0.05005,,,1.20856,1.20931
1.11316,1.16637,0.05003,,,1.20867,1.20899
1.1132,1.16608,0.05003,,,1.20856,1.20911
1.11324,1.1663,0.05005,,,1.20871,1.20913
1.11327,1.16636,0.05006,,,1.20857,1.20934
1.11331,1.1667,0.05005,,,1.20846,1.20975
1.11335,1.16641,0.05004,,,1.20854,1.20975
1.11339,1.16614,0.05003,,,1.20819,1.20948
1.11343,1.16597,0.05001,,,1.20809,1.2091
1.11347,1.16572,0.05001,,,1.20807,1.20908
1.1135,1.16568,0.05001,,,1.20807,1.20925
1.11354,1.16536,0.05,,,1.20806,1.20932
1.11358,1.16521,0.04999,,,1.20806,1.20934
1.11361,1.16511,0.04999,,,1.20794,1.2094
1.11365,1.16531,0.05,,,1.2077,1.20921
1.11369,1.16554,0.05001,,,1.20745,1.20923
1.11373,1.16591,0.05002,,,1.20744,1.20889
1.11376,1.16593,0.05001,,,1.20766,1.20912
1.1138,1.1659,0.05001,,,1.20771,1.20941
1.11384,1.16606,0.05001,,,1.20752,1.20941
1.11388,1.16573,0.05,,,1.20779,1.20956
1.11391,1.1656,0.05002,,,1.20798,1.21
1.11395,1.16596,0.05002,,,1.20798,1.21035
1.11399,1.16585,0.05001,,,1.2078,1.21023
1.11402,1.16605,0.05004,,,1.20759,1.21026
1.11406,1.16664,0.05005,,,1.20756,1.21071
1.1141,1.16653,0.05004,,,1.20737,1.21116
1.11414,1.1661,0.05003,,,1.2073,1.21133
1.11417,1.16598,0.05003,,,1.20755,1.21132
1.11421,1.16606,0.05002,,,1.20744,1.21126
1.11425,1.16606,0.05002,,,1.20764,1.2111
1.11428,1.16573,0.05,,,1.20767,1.21139
1.11432,1.1654,0.04999,,,1.20787,1.21169
1.11436,1.1654,0.05,,,1.2079,1.21175
1.11439,1.16574,0.05001,,,1.20767,1.21187
1.11443,1.16556,0.05,,,1.20733,1.21148
1.11447,1.16563,0.04999,,,1.20692,1.21165
1.1145,1.16549,0.05,,,1.20692,1.21168
1.11454,1.16573,0.05,,,1.20723,1.21195
1.11457,1.16577,0.05,,,1.20726,1.21246
1.11461,1.16588,0.05002,,,1.20728,1.21298
1.11465,1.16625,0.05002,,,1.20742,1.2131
1.11468,1.16599,0.05001,,,1.20764,1.2131
1.11472,1.166,0.05004,,,1.20749,1.2129
1.11476,1.1664,0.05006,,,1.20757,1.21253
1.11479,1.16661,0.05004,,,1.208,1.21293
1.11483,1.16669,0.05007,,,1.20835,1.2134
1.11487,1.167,0.05007,,,1.20856,1.21365
1.1149,1.1669,0.05007,,,1.20867,1.21414
1.11494,1.16729,0.05009,,,1.20862,1.21431
1.11498,1.16798,0.05011,,,1.20834,1.21415
1.11501,1.168,0.0501,,,1.20818,1.21389
1.11505,1.16811,0.0501,,,1.20886,1.21392
1.11509,1.16795,0.05011,,,1.20882,1.21401
1.11512,1.16804,0.05011,,,1.20875,1.21418
1.11516,1.16801,0.05011,,,1.20837,1.21424
1.1152,1.16805,0.05011,,,1.20814,1.21408
1.11523,1.16814,0.0501,,,1.20805,1.21401
1.11527,1.16798,0.05011,,,1.20807,1.21434
1.11531,1.16836,0.05012,,,1.20823,1.21457
1.11535,1.16844,0.05012,,,1.20822,1.21442
1.11538,1.1685,0.05012,,,1.20837,1.21404
1.11542,1.16848,0.05012,,,1.20832,1.21381
1.11546,1.16817,0.05012,,,1.20798,1.21385
1.11549,1.16832,0.05011,,,1.20795,1.21414
1.11553,1.16844,0.05013,,,1.20811,1.2142
1.11557,1.16837,0.05011,,,1.20837,1.21403
1.1156,1.16809,0.05009,,,1.2084,1.21405
1.11564,1.16793,0.0501,,,1.20789,1.21377
1.11568,1.16778,0.0501,,,1.20768,1.21349
1.11571,1.16783,0.05008,,,1.20771,1.21388
1.11575,1.16751,0.05009,,,1.20793,1.21366
1.11578,1.16745,0.05009,,,1.20744,1.21363
1.11582,1.16742,0.05007,,,1.20743,1.21389
1.11585,1.16726,0.05007,,,1.20742,1.21383
1.11589,1.16734,0.05008,,,1.20768,1.21354
1.11592,1.16743,0.05007,,,1.2074,1.21335
1.11596,1.16719,0.05007,,,1.2074,1.21346
1.116,1.1673,0.05008,,,1.20783,1.2143
1.11603,1.16735,0.05008,,,1.20794,1.2142
1.11607,1.16702,0.05006,,,1.20783,1.21433
1.1161,1.16683,0.05005,,,1.20788,1.21464
1.11614,1.16683,0.05007,,,1.20788,1.2149
1.11617,1.16694,0.05007,,,1.20775,1.21475
1.1162,1.16699,0.05007,,,1.20769,1.21469
1.11624,1.16718,0.05007,,,1.20785,1.21421
1.11627,1.16703,0.05006,,,1.20788,1.21422
1.11631,1.1669,0.05005,,,1.20798,1.21419
1.11634,1.16677,0.05005,,,1.20736,1.21395
1.11638,1.1669,0.05004,,,1.20745,1.214
1.11641,1.16694,0.05004,,,1.20752,1.21374
1.11645,1.16676,0.05004,,,1.2075,1.21379
1.11648,1.16663,0.05005,,,1.2073,1.21342
1.11652,1.16652,0.05004,,,1.20724,1.21317
1.11655,1.16672,0.05006,,,1.20714,1.21367
1.11658,1.16683,0.05007,,,1.20726,1.21426
1.11662,1.16672,0.05006,,,1.20714,1.21406
1.11665,1.16655,0.05005,,,1.20707,1.21414
1.11669,1.16652,0.05005,,,1.20722,1.21418
1.11672,1.16642,0.05005,,,1.20757,1.21415
1.11675,1.16641,0.05005,,,1.20729,1.21427
1.11679,1.16636,0.05005,,,1.20695,1.21442
1.11682,1.16655,0.05007,,,1.20698,1.2143
1.11685,1.16668,0.05008,,,1.20691,1.21486
1.11689,1.16685,0.05007,,,1.207,1.21514
1.11692,1.16715,0.0501,,,1.20686,1.21523
1.11696,1.16763,0.05011,,,1.20693,1.21566
1.11699,1.16774,0.05012,,,1.20712,1.21605
1.11702,1.16791,0.05012,,,1.20688,1.21643
1.11706,1.16777,0.05012,,,1.20674,1.21609
1.11709,1.16765,0.05013,,,1.20658,1.21604
1.11713,1.16829,0.05016,,,1.20645,1.21615
1.11716,1.16889,0.05017,,,1.20632,1.21599
1.1172,1.16882,0.05016,,,1.20602,1.21573
1.11723,1.16864,0.05016,,,1.20594,1.21575
1.11727,1.16853,0.05016,,,1.206,1.21537
1.1173,1.16832,0.05015,,,1.20624,1.21518
1.11733,1.16831,0.05014,,,1.20626,1.2154
1.11737,1.16818,0.05014,,,1.20623,1.21546
1.1174,1.1681,0.05014,,,1.20593,1.21555
1.11744,1.16814,0.05014,,,1.20595,1.21562
1.11747,1.16813,0.05014,,,1.20562,1.21594
1.1175,1.16802,0.05013,,,1.20541,1.21575
1.11754,1.16792,0.05013,,,1.20522,1.21587
1.11757,1.16764,0.05014,,,1.20525,1.21599
1.1176,1.16793,0.05016,,,1.20524,1.21592
1.11764,1.16807,0.05014,,,1.20518,1.21607
1.11767,1.16795,0.05014,,,1.20512,1.21651
1.1177,1.16772,0.05013,,,1.20497,1.21639
1.11774,1.16747,0.05012,,,1.20508,1.21632
1.11777,1.16771,0.05015,,,1.20491,1.21619
1.1178,1.16782,0.05014,,,1.20464,1.21625
1.11784,1.16825,0.05017,,,1.20456,1.21668
1.11787,1.16811,0.05016,,,1.20445,1.21693
1.1179,1.16799,0.05015,,,1.20451,1.21673
1.11794,1.16807,0.05015,,,1.20423,1.2169
1.11797,1.168,0.05015,,,1.20383,1.21658
1.118,1.1678,0.05013,,,1.20425,1.21657
1.11804,1.16753,0.05013,,,1.2041,1.21637
1.11807,1.16768,0.05014,,,1.20429,1.21649
1.1181,1.16779,0.05014,,,1.204,1.21624
1.11813,1.16794,0.05015,,,1.20416,1.21617
1.11817,1.16769,0.05015,,,1.20412,1.21638
1.1182,1.16787,0.05016,,,1.20452,1.21634
1.11823,1.16786,0.05017,,,1.20481,1.216
1.11826,1.16797,0.05016,,,1.20461,1.21629
1.1183,1.16765,0.05016,,,1.20447,1.21625
1.11833,1.16728,0.05015,,,1.20464,1.21648
1.11836,1.16734,0.05014,,,1.20497,1.21627
1.11839,1.16718,0.05015,,,1.20526,1.21634
1.11843,1.16725,0.05014,,,1.20513,1.21617
1.11846,1.16712,0.05014,,,1.20524,1.21635
1.11849,1.16686,0.05013,,,1.2053,1.21669
1.11852,1.1668,0.05013,,,1.20507,1.21653
1.11855,1.16667,0.05014,,,1.20497,1.21654
1.11858,1.16673,0.05014,,,1.2048,1.21662
1.11861,1.16679,0.05014,,,1.20484,1.21721
1.11865,1.16667,0.05015,,,1.20501,1.21745
1.11868,1.16695,0.05016,,,1.20483,1.21759
1.11871,1.16722,0.05017,,,1.2051,1.21791
1.11874,1.16735,0.05018,,,1.20502,1.21782
1.11877,1.16735,0.05018,,,1.20505,1.21828
1.1188,1.16736,0.05018,,,1.20516,1.21799
1.11884,1.16712,0.05017,,,1.20503,1.21765
1.11887,1.16705,0.05018,,,1.20526,1.21746
1.1189,1.16734,0.05018,,,1.20518,1.21721
1.11893,1.16732,0.05019,,,1.20529,1.21683
1.11896,1.16737,0.05019,,,1.20549,1.2174
1.11899,1.16738,0.0502,,,1.20558,1.2175
1.11902,1.16779,0.05021,,,1.20551,1.21753
1.11906,1.16773,0.05021,,,1.2051,1.21746
1.11909,1.1677,0.0502,,,1.20483,1.21742
1.11912,1.16778,0.0502,,,1.20474,1.21731
1.11915,1.1676,0.0502,,,1.2047,1.21726
1.11918,1.16761,0.05021,,,1.20515,1.21758
1.11921,1.16756,0.05021,,,1.20517,1.21785
1.11924,1.16768,0.05022,,,1.20514,1.21842
1.11927,1.16778,0.05022,,,1.205,1.2181
1.11931,1.16775,0.05022,,,1.20511,1.21822
1.11934,1.16765,0.05021,,,1.20494,1.21848
1.11937,1.16766,0.05021,,,1.20497,1.21825
1.1194,1.16772,0.05021,,,1.20521,1.21827
1.11943,1.16777,0.05021,,,1.20504,1.21808
1.11946,1.16774,0.05021,,,1.20507,1.21825
1.11949,1.16762,0.0502,,,1.20525,1.21857
1.11952,1.16765,0.05021,,,1.20552,1.21859
1.11955,1.16779,0.05021,,,1.20561,1.21852
1.11958,1.16775,0.0502,,,1.20552,1.21867
1.11962,1.16775,0.05019,,,1.2053,1.21867
1.11965,1.16781,0.05021,,,1.20487,1.21874
1.11968,1.16812,0.05021,,,1.20514,1.21868
1.11971,1.16838,0.05023,,,1.2052,1.21884
1.11974,1.16879,0.05024,,,1.20485,1.21878
1.11977,1.16876,0.05024,,,1.20477,1.21898
1.1198,1.16863,0.05024,,,1.20468,1.21899
1.11983,1.16859,0.05023,,,1.20477,1.21895
1.11986,1.16855,0.05024,,,1.20515,1.21917
1.1199,1.16852,0.05023,,,1.20528,1.21942
1.11993,1.16852,0.05025,,,1.20552,1.21971
1.11996,1.16893,0.05026,,,1.20529,1.21943
1.11999,1.16899,0.05026,,,1.20568,1.21938
1.12002,1.16935,0.05029,,,1.20569,1.2198
1.12005,1.1695,0.05028,,,1.20546,1.21989
1.12008,1.16958,0.05029,,,1.20534,1.21971
1.12011,1.16972,0.0503,,,1.20524,1.21949
1.12015,1.16995,0.0503,,,1.20508,1.21953
1.12018,1.1701,0.05031,,,1.20525,1.21996
1.12021,1.17017,0.05032,,,1.20528,1.22001
1.12024,1.17021,0.05031,,,1.2053,1.22001
1.12027,1.17059,0.05034,,,1.20529,1.22022
1.1203,1.17067,0.05034,,,1.20502,1.22015
1.12034,1.17093,0.05033,,,1.20517,1.22042
1.12037,1.17076,0.05033,,,1.20548,1.22016
1.1204,1.17077,0.05033,,,1.20549,1.22068
1.12043,1.17143,0.05035,,,1.2056,1.22134
1.12046,1.17152,0.05034,,,1.20585,1.22143
1.12049,1.17116,0.05034,,,1.20617,1.22172
1.12053,1.17136,0.05034,,,1.20632,1.22139
1.12056,1.17145,0.05034,,,1.20609,1.22115
1.12059,1.17164,0.05035,,,1.20582,1.22085
1.12062,1.17172,0.05035,,,1.20592,1.22126
1.12065,1.1715,0.05034,,,1.20602,1.22133
1.12069,1.17154,0.05035,,,1.20602,1.22169
1.12072,1.1716,0.05036,,,1.20585,1.22176
1.12075,1.17189,0.05035,,,1.20571,1.22163
1.12078,1.17164,0.05034,,,1.20548,1.22186
1.12081,1.17154,0.05036,,,1.20535,1.22191
1.12085,1.17166,0.05037,,,1.20505,1.22204
1.12088,1.17165,0.05036,,,1.20477,1.22196
1.12091,1.17169,0.05036,,,1.2048,1.22191
1.12094,1.17159,0.05036,,,1.2049,1.22166
1.12097,1.17148,0.05034,,,1.20472,1.22177
1.121,1.1716,0.05036,,,1.20483,1.22173
1.12103,1.17185,0.05036,,,1.20521,1.22161
1.12107,1.17184,0.05035,,,1.2053,1.22214
1.1211,1.17149,0.05035,,,1.20516,1.22229
1.12113,1.17154,0.05034,,,1.20562,1.2225
1.12116,1.1713,0.05035,,,1.2055,1.22242
1.12119,1.17142,0.05034,,,1.20564,1.22291
1.12122,1.17128,0.05033,,,1.20536,1.22284
1.12125,1.17151,0.05035,,,1.20523,1.2228
1.12128,1.17154,0.05035,,,1.20501,1.22305
1.12132,1.17181,0.05036,,,1.2048,1.22297
1.12135,1.17184,0.05037,,,1.20457,1.22309
1.12138,1.17167,0.05035,,,1.20407,1.22276
1.12141,1.17141,0.05035,,,1.2041,1.22286
1.12144,1.17137,0.05033,,,1.20385,1.22303
1.12147,1.17091,0.05032,,,1.20352,1.22325
1.1215,1.17112,0.05033,,,1.20369,1.22313
1.12153,1.17127,0.05033,,,1.20355,1.22305
1.12156,1.17142,0.05033,,,1.20369,1.22353
1.12159,1.17124,0.05032,,,1.20358,1.22359
1.12162,1.17078,0.05031,,,1.20333,1.2238
1.12165,1.17086,0.05032,,,1.20297,1.22351
1.12168,1.17104,0.05032,,,1.20268,1.22318
1.12171,1.17113,0.05031,,,1.20277,1.22304
1.12174,1.17096,0.05031,,,1.20285,1.22304
1.12177,1.17099,0.0503,,,1.20321,1.22325
1.1218,1.17084,0.05031,,,1.20294,1.2232
1.12183,1.17114,0.0503,,,1.2029,1.22324
1.12186,1.17108,0.05031,,,1.20283,1.22326
1.12189,1.17117,0.05033,,,1.20253,1.22306
1.12192,1.17126,0.05033,,,1.20223,1.22301
1.12195,1.17105,0.05033,,,1.20183,1.22301
1.12198,1.17095,0.05033,,,1.20148,1.22337
1.12201,1.17103,0.05033,,,1.20149,1.22335
1.12204,1.17101,0.05033,,,1.20154,1.2232
1.12207,1.17117,0.05035,,,1.20131,1.22321
1.1221,1.17162,0.05036,,,1.20156,1.22342
1.12213,1.17152,0.05035,,,1.20154,1.22362
1.12216,1.17174,0.05037,,,1.20188,1.22372
1.12219,1.17186,0.05038,,,1.20224,1.22396
1.12222,1.17203,0.05038,,,1.20229,1.2241
1.12225,1.17214,0.05038,,,1.20241,1.22424
1.12229,1.17212,0.05037,,,1.20237,1.22431
1.12232,1.17192,0.05038,,,1.20187,1.22431
1.12235,1.17209,0.05037,,,1.20197,1.2245
1.12238,1.17193,0.05037,,,1.20193,1.22446
1.12241,1.17188,0.05036,,,1.20211,1.22468
1.12244,1.17178,0.05036,,,1.20226,1.22472
1.12246,1.17162,0.05035,,,1.20211,1.22464
1.12249,1.17163,0.05035,,,1.2022,1.22478
1.12252,1.17167,0.05035,,,1.20223,1.22487
1.12255,1.17141,0.05033,,,1.20203,1.22485
1.12258,1.17118,0.05033,,,1.20192,1.22506
1.12261,1.17123,0.05033,,,1.20178,1.22521
1.12264,1.17118,0.05032,,,1.20167,1.22555
1.12267,1.17095,0.05032,,,1.20167,1.22561
1.1227,1.17106,0.05032,,,1.20156,1.22539
1.12273,1.17109,0.05032,,,1.20124,1.22531
1.12276,1.17116,0.05034,,,1.20115,1.22565
1.12279,1.17147,0.05034,,,1.20104,1.22568
1.12282,1.17121,0.05032,,,1.20102,1.22588
1.12284,1.17105,0.05032,,,1.20108,1.22578
1.12287,1.17111,0.05032,,,1.20114,1.22609
1.1229,1.17093,0.05032,,,1.20092,1.22578
1.12293,1.17082,0.05032,,,1.20089,1.22549
1.12296,1.17096,0.05032,,,1.20081,1.22518
1.12299,1.1709,0.05032,,,1.20101,1.22494
1.12302,1.17105,0.05031,,,1.20123,1.22475
1.12305,1.17146,0.05034,,,1.20129,1.22444
1.12307,1.17141,0.05034,,,1.20083,1.22448
1.1231,1.17161,0.05035,,,1.20067,1.22469
1.12313,1.17175,0.05035,,,1.20079,1.22512
1.12316,1.17159,0.05034,,,1.20103,1.22517
1.12319,1.17166,0.05036,,,1.20109,1.22531
1.12322,1.17144,0.05036,,,1.20083,1.2252
1.12325,1.17171,0.05036,,,1.20123,1.2253
1.12328,1.17159,0.05034,,,1.20111,1.22551
1.12331,1.1714,0.05034,,,1.20087,1.2254
1.12333,1.17138,0.05034,,,1.20082,1.22527
1.12336,1.17136,0.05033,,,1.20067,1.22542
1.12339,1.17138,0.05034,,,1.20043,1.22536
1.12342,1.17163,0.05035,,,1.20004,1.22516
1.12345,1.17155,0.05033,,,1.20011,1.22503
1.12348,1.17119,0.05032,,,1.20008,1.22507
1.1235,1.17108,0.05032,,,1.20012,1.22487
1.12353,1.17113,0.05032,,,1.20004,1.22516
1.12356,1.17086,0.05031,,,1.20013,1.22568
1.12359,1.17095,0.05032,,,1.20044,1.22608
1.12362,1.17117,0.05032,,,1.2005,1.22605
1.12364,1.17157,0.05033,,,1.20026,1.2267
1.12367,1.17132,0.05032,,,1.20078,1.22762
1.1237,1.17117,0.05032,,,1.20073,1.2275
1.12373,1.17125,0.05032,,,1.20054,1.22731
1.12376,1.17113,0.05032,,,1.20053,1.22728
1.12378,1.17144,0.05034,,,1.20039,1.22758
1.12381,1.17155,0.05033,,,1.20033,1.22782
1.12384,1.17174,0.05034,,,1.20033,1.22781
1.12387,1.17173,0.05034,,,1.20054,1.22771
1.1239,1.17161,0.05034,,,1.20056,1.22754
1.12392,1.17163,0.05034,,,1.20102,1.22747
1.12395,1.1715,0.05033,,,1.20093,1.22754
1.12398,1.1713,0.05032,,,1.20104,1.22741
1.12401,1.17119,0.05031,,,1.2011,1.22767
1.12404,1.17115,0.05032,,,1.20123,1.22766
1.12406,1.17109,0.05031,,,1.20121,1.22801
1.12409,1.17107,0.0503,,,1.20143,1.22834
1.12412,1.17109,0.0503,,,1.20157,1.22848
1.12415,1.171,0.05029,,,1.20158,1.22881
1.12417,1.17088,0.05029,,,1.20158,1.22887
1.1242,1.17073,0.05028,,,1.20143,1.22867
1.12423,1.17069,0.05029,,,1.20148,1.22914
1.12425,1.17074,0.05027,,,1.20123,1.22914
1.12428,1.17068,0.05027,,,1.20171,1.22911
1.12431,1.17047,0.05026,,,1.20158,1.22887
1.12433,1.17036,0.05025,,,1.20167,1.22897
1.12436,1.17009,0.05025,,,1.20157,1.22914
1.12439,1.17018,0.05024,,,1.20136,1.2293
1.12441,1.16997,0.05024,,,1.20133,1.22941
1.12444,1.17011,0.05025,,,1.20132,1.22922
1.12447,1.17053,0.05027,,,1.20147,1.22944
1.12449,1.17038,0.05026,,,1.20142,1.22967
1.12452,1.17025,0.05026,,,1.20127,1.22977
1.12455,1.1703,0.05028,,,1.20141,1.23006
1.12457,1.17051,0.05028,,,1.20186,1.23037
1.1246,1.17043,0.05029,,,1.20164,1.23041
1.12463,1.17066,0.0503,,,1.2021,1.23047
1.12465,1.17067,0.05029,,,1.20248,1.23065
1.12468,1.17042,0.05028,,,1.20232,1.23114
1.12471,1.17024,0.05028,,,1.20217,1.23116
1.12473,1.17029,0.05028,,,1.20242,1.2313
1.12476,1.17024,0.05029,,,1.20226,1.23146
1.12478,1.17022,0.05028,,,1.20248,1.23154
1.12481,1.17036,0.05029,,,1.20246,1.23119
1.12484,1.17023,0.05028,,,1.20248,1.23069
1.12486,1.17036,0.0503,,,1.20237,1.23086
1.12489,1.1705,0.0503,,,1.20241,1.23105
1.12491,1.17063,0.0503,,,1.20228,1.23078
1.12494,1.17071,0.05029,,,1.2018,1.23095
1.12497,1.17087,0.0503,,,1.2017,1.23108
1.12499,1.17091,0.05032,,,1.20182,1.23121
1.12502,1.17105,0.05032,,,1.20182,1.23128
1.12505,1.17111,0.05031,,,1.20178,1.23126
1.12507,1.1709,0.05032,,,1.20227,1.23118
1.1251,1.17092,0.05033,,,1.20236,1.2313
1.12512,1.17115,0.05033,,,1.20232,1.23107
1.12515,1.17096,0.05032,,,1.20217,1.23157
1.12518,1.17089,0.05031,,,1.20215,1.23142
1.1252,1.17086,0.05033,,,1.2023,1.2314
1.12523,1.17096,0.05032,,,1.20235,1.23148
1.12526,1.17103,0.05033,,,1.20214,1.23167
1.12528,1.171,0.05032,,,1.20233,1.23192
1.12531,1.17107,0.05033,,,1.20233,1.23194
1.12533,1.17128,0.05034,,,1.20232,1.23207
1.12536,1.17117,0.05033,,,1.20241,1.23198
1.12539,1.17147,0.05033,,,1.2023,1.23206
1.12541,1.17099,0.05031,,,1.20183,1.23195
1.12544,1.17099,0.05031,,,1.20171,1.232
1.12546,1.17109,0.05032,,,1.202,1.23207
1.12549,1.17103,0.05032,,,1.20195,1.23215
1.12551,1.17103,0.05031,,,1.20198,1.23206
1.12554,1.17113,0.05032,,,1.20181,1.23221
1.12557,1.17132,0.05031,,,1.20188,1.23198
1.12559,1.17133,0.05031,,,1.20212,1.23223
1.12562,1.17111,0.05029,,,1.20188,1.23208
1.12564,1.17082,0.05029,,,1.20173,1.23222
1.12567,1.17088,0.05028,,,1.2018,1.23191
1.12569,1.17059,0.05028,,,1.20165,1.23196
1.12572,1.17082,0.05028,,,1.20206,1.23185
1.12574,1.17082,0.05028,,,1.20215,1.23179
1.12577,1.17113,0.05029,,,1.2022,1.23194
1.1258,1.17107,0.05028,,,1.20254,1.23192
1.12582,1.17094,0.05027,,,1.20257,1.232
1.12585,1.17098,0.05026,,,1.20266,1.23169
1.12587,1.17091,0.05027,,,1.20259,1.23135
1.1259,1.17108,0.05027,,,1.20257,1.23162
1.12592,1.17134,0.05028,,,1.2026,1.23194
1.12595,1.1713,0.05028,,,1.20257,1.23199
1.12597,1.17148,0.05029,,,1.20259,1.23191
1.126,1.17135,0.05027,,,1.2027,1.23181
1.12602,1.17129,0.05027,,,1.20289,1.23195
1.12605,1.17115,0.05027,,,1.20288,1.23226
1.12608,1.17122,0.05026,,,1.20291,1.23216
1.1261,1.17107,0.05027,,,1.2024,1.23206
1.12613,1.17165,0.05029,,,1.20261,1.23227
1.12615,1.17158,0.05027,,,1.20252,1.23226
1.12618,1.1714,0.05027,,,1.20264,1.23211
1.1262,1.17137,0.05026,,,1.20284,1.23211
1.12623,1.17134,0.05027,,,1.2027,1.23233
1.12625,1.17126,0.05027,,,1.20273,1.23199
1.12628,1.17117,0.05026,,,1.20272,1.23231
1.1263,1.17114,0.05025,,,1.20277,1.23226
1.12633,1.17084,0.05025,,,1.20255,1.23268
1.12635,1.17123,0.05026,,,1.20258,1.23311
1.12638,1.1714,0.05026,,,1.20269,1.23326
1.1264,1.17158,0.05027,,,1.20252,1.23332
1.12643,1.17166,0.05027,,,1.20245,1.23339
1.12645,1.17184,0.05026,,,1.20198,1.23328
1.12648,1.17173,0.05026,,,1.20212,1.23374
1.1265,1.17175,0.05026,,,1.20203,1.23387
1.12653,1.17177,0.05025,,,1.20191,1.23414
1.12655,1.17157,0.05025,,,1.20187,1.23415
1.12658,1.17153,0.05024,,,1.20182,1.23416
1.1266,1.17172,0.05024,,,1.20163,1.2342
1.12663,1.1715,0.05023,,,1.2016,1.23407
1.12665,1.17153,0.05023,,,1.20133,1.23448
1.12668,1.17163,0.05022,,,1.20156,1.23448
1.1267,1.17142,0.05021,,,1.20149,1.23445
1.12673,1.17131,0.0502,,,1.20141,1.23498
1.12675,1.17113,0.05019,,,1.20138,1.23495
1.12677,1.17098,0.05018,,,1.20129,1.23483
1.1268,1.17082,0.05016,,,1.20117,1.23524
1.12682,1.17079,0.05016,,,1.20138,1.23534
1.12685,1.17065,0.05015,,,1.20126,1.23519
1.12687,1.17078,0.05014,,,1.20135,1.23523
1.12689,1.1705,0.05014,,,1.2016,1.23526
1.12692,1.17047,0.05013,,,1.20164,1.2354
1.12694,1.17069,0.05013,,,1.20141,1.23555
1.12697,1.17064,0.05011,,,1.20133,1.23552
1.12699,1.17052,0.05011,,,1.20135,1.23572
1.12701,1.17074,0.05014,,,1.20161,1.23555
1.12704,1.17098,0.05013,,,1.20146,1.23547
1.12706,1.17065,0.05012,,,1.20129,1.2351
1.12709,1.17066,0.05012,,,1.20124,1.23497
1.12711,1.1706,0.05012,,,1.20113,1.23507
1.12713,1.17092,0.05013,,,1.20142,1.23508
1.12716,1.17105,0.05012,,,1.20164,1.23539
1.12718,1.17094,0.05011,,,1.20164,1.23529
1.12721,1.17066,0.05011,,,1.20162,1.23518
1.12723,1.17092,0.05011,,,1.20167,1.23541
1.12725,1.17099,0.05011,,,1.20188,1.23559
1.12728,1.17108,0.05012,,,1.20171,1.23561
1.1273,1.1712,0.05012,,,1.20186,1.2355
1.12732,1.17127,0.05012,,,1.20192,1.23586
1.12735,1.17142,0.05013,,,1.20195,1.23609
1.12737,1.17162,0.05013,,,1.20205,1.23613
1.1274,1.17167,0.05013,,,1.20188,1.23588
1.12742,1.17176,0.05013,,,1.20187,1.23583
1.12744,1.17178,0.05013,,,1.20164,1.236
1.12747,1.17158,0.05012,,,1.20142,1.23599
1.12749,1.17122,0.0501,,,1.20119,1.23599
1.12752,1.17102,0.0501,,,1.20111,1.23592
1.12754,1.171,0.0501,,,1.20123,1.236
1.12756,1.17105,0.05009,,,1.20126,1.23612
1.12759,1.17102,0.05009,,,1.20138,1.23626
1.12761,1.17094,0.05008,,,1.20125,1.23639
1.12763,1.17105,0.05009,,,1.20114,1.23624
1.12766,1.17145,0.05009,,,1.2015,1.23628
1.12768,1.17133,0.05009,,,1.20157,1.23623
1.1277,1.17139,0.05009,,,1.20148,1.23632
1.12773,1.1714,0.05009,,,1.20176,1.23642
1.12775,1.17122,0.05007,,,1.20182,1.23646
1.12777,1.17105,0.05007,,,1.20199,1.23634
1.1278,1.17077,0.05005,,,1.20159,1.23614
1.12782,1.1705,0.05005,,,1.20168,1.23629
1.12784,1.17042,0.05003,,,1.20139,1.23666
1.12787,1.17002,0.05002,,,1.20142,1.23672
1.12789,1.17041,0.05004,,,1.20135,1.23681
1.12791,1.17072,0.05004,,,1.20129,1.23671
1.12793,1.17064,0.05004,,,1.2012,1.23693
1.12796,1.17065,0.05004,,,1.20107,1.23722
1.12798,1.17085,0.05004,,,1.20116,1.23745
1.128,1.17104,0.05004,,,1.20097,1.23791
1.12803,1.17104,0.05004,,,1.201,1.23806
1.12805,1.17093,0.05003,,,1.20121,1.23811
1.12807,1.17049,0.05003,,,1.20118,1.23798
1.12809,1.17105,0.05004,,,1.20108,1.23801
1.12812,1.17115,0.05003,,,1.20119,1.23803
1.12814,1.17104,0.05002,,,1.20121,1.23819
1.12816,1.17093,0.05001,,,1.20148,1.23828
1.12819,1.17056,0.05,,,1.20156,1.23862
1.12821,1.1707,0.05,,,1.20153,1.23853
1.12823,1.1708,0.04999,,,1.20153,1.23848
1.12825,1.17071,0.04999,,,1.20172,1.23848
1.12828,1.17078,0.04998,,,1.20177,1.23879
1.1283,1.17059,0.04998,,,1.20199,1.23877
1.12832,1.1708,0.04997,,,1.20187,1.23874
1.12834,1.17069,0.04996,,,1.2019,1.23865
1.12837,1.17038,0.04995,,,1.20191,1.23885
1.12839,1.17045,0.04995,,,1.20194,1.23895
1.12841,1.17053,0.04995,,,1.20176,1.23866
1.12843,1.17074,0.04995,,,1.20161,1.23872
1.12846,1.17082,0.04995,,,1.20184,1.23878
1.12848,1.17099,0.04995,,,1.20171,1.2389
1.1285,1.17124,0.04995,,,1.20195,1.239
1.12852,1.1713,0.04994,,,1.20212,1.23908
1.12855,1.17113,0.04994,,,1.20215,1.23916
1.12857,1.17088,0.04992,,,1.20196,1.23894
1.12859,1.17067,0.04991,,,1.20185,1.23891
1.12861,1.17049,0.04991,,,1.20183,1.23906
1.12863,1.17066,0.04991,,,1.20217,1.23895
1.12866,1.17101,0.04993,,,1.20216,1.23892
1.12868,1.1713,0.04993,,,1.20258,1.23917
1.1287,1.17138,0.04993,,,1.20271,1.23916
1.12872,1.17127,0.04992,,,1.20277,1.23928
1.12875,1.17143,0.04991,,,1.20287,1.23947
1.12877,1.17144,0.04991,,,1.20301,1.23973
1.12879,1.17134,0.0499,,,1.20331,1.23981
1.12881,1.17116,0.04989,,,1.20333,1.23998
1.12884,1.17123,0.0499,,,1.20331,1.24024
1.12886,1.17136,0.0499,,,1.20351,1.24024
1.12888,1.17115,0.04989,,,1.2033,1.24019
1.1289,1.1711,0.04987,,,1.20321,1.2403
1.12892,1.17103,0.04987,,,1.20323,1.24064
1.12895,1.17124,0.04988,,,1.20338,1.24079
1.12897,1.17151,0.04989,,,1.20332,1.24072
1.12899,1.17161,0.04988,,,1.20343,1.24064
1.12901,1.17155,0.04988,,,1.20342,1.2408
1.12904,1.17181,0.04987,,,1.20336,1.24102
1.12906,1.17169,0.04988,,,1.20347,1.24112
1.12908,1.17182,0.04987,,,1.20353,1.24123
1.1291,1.1718,0.04986,,,1.20352,1.24153
1.12913,1.17144,0.04985,,,1.20348,1.24153
1.12915,1.17138,0.04985,,,1.20337,1.24172
1.12917,1.17146,0.04986,,,1.20377,1.24198
1.12919,1.17144,0.04985,,,1.20376,1.24207
1.12921,1.17132,0.04985,,,1.20399,1.24232
1.12923,1.17128,0.04985,,,1.20399,1.24228
1.12926,1.17135,0.04984,,,1.20411,1.24249
1.12928,1.17108,0.04985,,,1.20411,1.24233
1.1293,1.17139,0.04985,,,1.20411,1.24288
1.12932,1.17141,0.04984,,,1.20394,1.24295
1.12934,1.17138,0.04984,,,1.20428,1.24284
1.12937,1.17146,0.04984,,,1.20436,1.243
1.12939,1.1716,0.04984,,,1.2043,1.24307
1.12941,1.17156,0.04984,,,1.20384,1.24299
1.12943,1.17145,0.04984,,,1.20418,1.24286
1.12945,1.17157,0.04984,,,1.20401,1.24278
1.12947,1.17171,0.04985,,,1.20357,1.24272
1.1295,1.1719,0.04984,,,1.20355,1.243
1.12952,1.17169,0.04983,,,1.20363,1.24291
1.12954,1.17138,0.04982,,,1.20359,1.24295
1.12956,1.17126,0.04981,,,1.20342,1.24298
1.12958,1.17079,0.04979,,,1.2033,1.24275
1.1296,1.1709,0.04979,,,1.20329,1.24297
1.12963,1.17071,0.04979,,,1.20342,1.24257
1.12965,1.17092,0.04978,,,1.20336,1.24277
1.12967,1.17078,0.04978,,,1.20322,1.24289
1.12969,1.17085,0.04977,,,1.20335,1.24314
1.12971,1.17065,0.04976,,,1.20339,1.2433
1.12973,1.1704,0.04975,,,1.20328,1.24333
1.12975,1.17021,0.04973,,,1.20319,1.24321
1.12977,1.17008,0.04973,,,1.20328,1.24343
1.12979,1.17031,0.04973,,,1.20327,1.24355
1.12981,1.17011,0.04972,,,1.20318,1.2433
1.12983,1.17008,0.04972,,,1.20338,1.24319
1.12986,1.17001,0.04971,,,1.20343,1.2432
1.12988,1.16992,0.04971,,,1.20364,1.24287
1.1299,1.16988,0.0497,,,1.20368,1.24315
1.12992,1.16997,0.0497,,,1.20372,1.24313
1.12994,1.16977,0.0497,,,1.20353,1.24315
1.12996,1.16979,0.0497,,,1.20342,1.24318
1.12998,1.16993,0.04969,,,1.20355,1.24329
1.13,1.16976,0.04968,,,1.20352,1.24358
1.13002,1.16979,0.04967,,,1.20365,1.24367
1.13004,1.1697,0.04967,,,1.20376,1.24371
1.13006,1.16971,0.04966,,,1.20356,1.24356
1.13008,1.1692,0.04965,,,1.20363,1.24363
1.1301,1.16927,0.04966,,,1.20373,1.24343
1.13012,1.16947,0.04966,,,1.20373,1.24327
1.13014,1.16954,0.04967,,,1.20388,1.24336
1.13016,1.16995,0.04968,,,1.20395,1.24348
1.13018,1.16988,0.04967,,,1.20403,1.24377
1.1302,1.16956,0.04966,,,1.2041,1.24395
1.13022,1.16982,0.04967,,,1.20435,1.2439
1.13024,1.16974,0.04966,,,1.20426,1.24402
1.13026,1.16951,0.04965,,,1.20449,1.24425
1.13028,1.16946,0.04965,,,1.20445,1.24431
1.1303,1.16966,0.04964,,,1.20454,1.24435
1.13032,1.16973,0.04965,,,1.20466,1.24446
1.13034,1.16992,0.04965,,,1.20503,1.24489
1.13036,1.16983,0.04963,,,1.2051,1.24525
1.13038,1.16977,0.04964,,,1.20493,1.24511
1.1304,1.16983,0.04964,,,1.20487,1.24484
1.13042,1.16974,0.04963,,,1.20506,1.24482
1.13044,1.16943,0.04961,,,1.2052,1.24488
1.13046,1.16935,0.04962,,,1.20517,1.24484
1.13048,1.16945,0.04961,,,1.20522,1.24515
1.1305,1.16953,0.04962,,,1.20519,1.24523
1.13052,1.16953,0.04962,,,1.20521,1.2452
1.13054,1.16951,0.0496,,,1.20497,1.24529
1.13056,1.16917,0.04958,,,1.20477,1.2452
1.13058,1.16901,0.04958,,,1.20473,1.24537
1.13059,1.16916,0.04958,,,1.20466,1.24552
1.13061,1.16916,0.04959,,,1.20491,1.24585
1.13063,1.16904,0.04958,,,1.20485,1.24598
1.13065,1.16918,0.04958,,,1.20506,1.24595
1.13067,1.16931,0.04958,,,1.20494,1.24604
1.13069,1.16932,0.04957,,,1.20503,1.24636
1.13071,1.16938,0.04957,,,1.2048,1.24637
1.13073,1.16932,0.04955,,,1.20495,1.24674
1.13075,1.16894,0.04954,,,1.20477,1.24685
1.13077,1.16877,0.04953,,,1.20484,1.24675
1.13079,1.16885,0.04953,,,1.20484,1.24682
1.13081,1.16881,0.04952,,,1.20495,1.24693
1.13083,1.16875,0.04952,,,1.205,1.2471
1.13084,1.16867,0.04951,,,1.20507,1.24733
1.13086,1.16868,0.04951,,,1.20513,1.24736
1.13088,1.16891,0.0495,,,1.20481,1.2473
1.1309,1.16871,0.0495,,,1.20501,1.24712
1.13092,1.16888,0.04951,,,1.20484,1.24701
1.13094,1.1691,0.04951,,,1.20513,1.24713
1.13096,1.16904,0.04949,,,1.20505,1.24676
1.13098,1.16908,0.0495,,,1.20503,1.24711
1.131,1.16912,0.04949,,,1.20495,1.24719
1.13101,1.16917,0.04949,,,1.2049,1.24739
1.13103,1.16918,0.04948,,,1.20502,1.24734
1.13105,1.16906,0.04947,,,1.20531,1.2476
1.13107,1.16864,0.04946,,,1.20507,1.24745
1.13109,1.16863,0.04946,,,1.2049,1.24739
1.13111,1.1687,0.04947,,,1.20487,1.24784
1.13113,1.16876,0.04946,,,1.20471,1.24783
1.13115,1.16874,0.04945,,,1.20456,1.24759
1.13116,1.1686,0.04945,,,1.20477,1.24756
1.13118,1.16862,0.04944,,,1.20438,1.24768
1.1312,1.16855,0.04944,,,1.20441,1.24801
1.13122,1.16856,0.04944,,,1.20454,1.24785
1.13124,1.16873,0.04945,,,1.20485,1.2479
1.13126,1.16896,0.04946,,,1.20485,1.24818
1.13128,1.16882,0.04946,,,1.20492,1.24795
1.13129,1.16908,0.04946,,,1.20522,1.24801
1.13131,1.16918,0.04946,,,1.20527,1.24808
1.13133,1.16933,0.04946,,,1.20533,1.24805
1.13135,1.16936,0.04946,,,1.20539,1.24806
1.13137,1.16949,0.04947,,,1.20553,1.24824
1.13139,1.16957,0.04946,,,1.20538,1.24849
1.13141,1.16935,0.04946,,,1.20534,1.24884
1.13143,1.16934,0.04945,,,1.20549,1.24877
1.13144,1.16922,0.04945,,,1.20527,1.24842
1.13146,1.1693,0.04945,,,1.2055,1.24877
1.13148,1.16925,0.04944,,,1.2054,1.24861
1.1315,1.1693,0.04945,,,1.20521,1.24858
1.13152,1.1694,0.04944,,,1.20537,1.24856
1.13154,1.16941,0.04944,,,1.20514,1.24883
1.13156,1.16932,0.04943,,,1.20514,1.24892
1.13157,1.16933,0.04945,,,1.20512,1.24931
1.13159,1.16935,0.04944,,,1.20518,1.24943
1.13161,1.16933,0.04943,,,1.20509,1.24953
1.13163,1.16955,0.04943,,,1.20518,1.2496
1.13165,1.16955,0.04943,,,1.2051,1.24968
1.13167,1.1697,0.04944,,,1.20514,1.2495
1.13168,1.16977,0.04944,,,1.20504,1.24953
1.1317,1.17005,0.04944,,,1.20527,1.24955
1.13172,1.16989,0.04944,,,1.20536,1.24968
1.13174,1.1698,0.04942,,,1.20532,1.24954
1.13176,1.16946,0.04942,,,1.20529,1.24951
1.13178,1.16955,0.04941,,,1.2051,1.24958
1.1318,1.16954,0.04942,,,1.2051,1.24959
1.13181,1.16966,0.04942,,,1.20498,1.24958
1.13183,1.1698,0.04942,,,1.2052,1.24981
1.13185,1.1699,0.04943,,,1.20522,1.24999
1.13187,1.17014,0.04942,,,1.20514,1.24996
1.13189,1.1701,0.04942,,,1.20518,1.24965
1.13191,1.16993,0.04941,,,1.20514,1.24991
1.13193,1.16957,0.0494,,,1.20515,1.24991
1.13194,1.16963,0.0494,,,1.20527,1.2502
1.13196,1.16993,0.04941,,,1.20516,1.25032
1.13198,1.16996,0.04941,,,1.2053,1.25025
1.132,1.16991,0.04941,,,1.20512,1.25015
1.13202,1.1699,0.04941,,,1.20523,1.25032
1.13204,1.16996,0.0494,,,1.20515,1.25028
1.13205,1.16993,0.04939,,,1.20522,1.25046
1.13207,1.16988,0.04939,,,1.20523,1.25059
1.13209,1.16964,0.04937,,,1.20537,1.25062
1.13211,1.16957,0.04937,,,1.20569,1.25059
1.13213,1.16934,0.04936,,,1.20567,1.2504
1.13214,1.16925,0.04935,,,1.20563,1.25058
1.13216,1.16939,0.04934,,,1.20565,1.25073
1.13218,1.1693,0.04934,,,1.20569,1.25059
1.1322,1.16927,0.04933,,,1.20581,1.25086
1.13222,1.16937,0.04934,,,1.20593,1.25083
1.13223,1.16934,0.04933,,,1.20609,1.25077
1.13225,1.16924,0.04933,,,1.20604,1.2508
1.13227,1.16924,0.04932,,,1.20621,1.2506
1.13229,1.16927,0.04932,,,1.20595,1.25067
1.1323,1.16923,0.04931,,,1.2061,1.25044
1.13232,1.16911,0.04931,,,1.20604,1.25064
1.13234,1.16913,0.04929,,,1.20619,1.25018
1.13236,1.16913,0.0493,,,1.20618,1.25056
1.13238,1.1693,0.0493,,,1.2062,1.25102
1.13239,1.16911,0.04929,,,1.20621,1.25086
1.13241,1.16906,0.04928,,,1.20618,1.25085
1.13243,1.16907,0.04928,,,1.2064,1.2508
1.13245,1.16918,0.04927,,,1.20645,1.25087
1.13246,1.16901,0.04927,,,1.20671,1.25072
1.13248,1.16915,0.04926,,,1.20679,1.25086
1.1325,1.16932,0.04927,,,1.20703,1.25134
1.13252,1.16933,0.04926,,,1.20678,1.25123
1.13253,1.1693,0.04926,,,1.20682,1.25104
1.13255,1.16942,0.04926,,,1.20685,1.25122
1.13257,1.16936,0.04926,,,1.20681,1.25134
1.13259,1.16955,0.04926,,,1.20673,1.25125
1.1326,1.16935,0.04925,,,1.20659,1.25121
1.13262,1.16903,0.04924,,,1.20664,1.25119
1.13264,1.16919,0.04923,,,1.2066,1.25109
1.13266,1.16897,0.04922,,,1.20661,1.251
1.13267,1.16898,0.04923,,,1.20668,1.25113
1.13269,1.16925,0.04923,,,1.20689,1.25144
1.13271,1.16922,0.04923,,,1.20702,1.25141
1.13273,1.16918,0.04923,,,1.20672,1.25122
1.13274,1.16924,0.04922,,,1.20662,1.25138
1.13276,1.16932,0.04923,,,1.2066,1.25157
1.13278,1.16928,0.04921,,,1.20645,1.2513
1.13279,1.16922,0.04921,,,1.20652,1.25143
1.13281,1.16919,0.04921,,,1.20652,1.25146
1.13283,1.1692,0.04921,,,1.20667,1.25147
1.13285,1.16923,0.0492,,,1.20653,1.25135
1.13286,1.16929,0.0492,,,1.20667,1.2513
1.13288,1.16921,0.0492,,,1.20664,1.25121
1.1329,1.16903,0.0492,,,1.20638,1.2512
1.13291,1.16907,0.0492,,,1.20633,1.25099
1.13293,1.16909,0.0492,,,1.20659,1.25127
1.13295,1.16909,0.04919,,,1.20645,1.25137
1.13297,1.16927,0.04919,,,1.20654,1.25155
1.13298,1.16945,0.04919,,,1.20671,1.25142
1.133,1.16918,0.04918,,,1.20666,1.25137
1.13302,1.16902,0.04917,,,1.20681,1.25173
1.13303,1.16938,0.0492,,,1.20671,1.25181
1.13305,1.16978,0.0492,,,1.20679,1.25192
1.13307,1.16964,0.04919,,,1.20687,1.25196
1.13309,1.16943,0.04919,,,1.20685,1.25201
1.1331,1.16929,0.04918,,,1.20707,1.25198
1.13312,1.16952,0.04918,,,1.20716,1.25189
1.13314,1.16949,0.04918,,,1.20696,1.25177
1.13315,1.16965,0.04918,,,1.20702,1.25225
1.13317,1.16963,0.04917,,,1.20697,1.25222
1.13319,1.16953,0.04916,,,1.20709,1.2524
1.13321,1.16956,0.04916,,,1.20706,1.25258
1.13322,1.16951,0.04915,,,1.20718,1.25251
1.13324,1.16961,0.04915,,,1.2072,1.25264
1.13326,1.1694,0.04914,,,1.2073,1.25271
1.13327,1.16959,0.04915,,,1.20708,1.2526
1.13329,1.16978,0.04914,,,1.20725,1.25253
1.13331,1.16974,0.04914,,,1.20719,1.25249
1.13332,1.16995,0.04915,,,1.20731,1.25277
1.13334,1.1701,0.04915,,,1.20735,1.25275
1.13336,1.17013,0.04915,,,1.20727,1.25281
1.13338,1.16984,0.04913,,,1.2073,1.25289
1.13339,1.17004,0.04914,,,1.2072,1.25302
1.13341,1.17,0.04914,,,1.20718,1.25276
1.13343,1.17011,0.04914,,,1.20738,1.25293
1.13344,1.16993,0.04913,,,1.20729,1.25278
1.13346,1.16992,0.04913,,,1.20729,1.25308
1.13348,1.17015,0.04914,,,1.20734,1.25304
1.1335,1.17031,0.04913,,,1.20714,1.25288
1.13351,1.17036,0.04913,,,1.20715,1.2531
1.13353,1.17028,0.04912,,,1.20718,1.25297
1.13355,1.17052,0.04913,,,1.20729,1.25315
1.13356,1.17045,0.04913,,,1.20739,1.25363
1.13358,1.1704,0.04912,,,1.20743,1.25325
1.1336,1.17035,0.04911,,,1.20741,1.25354
1.13361,1.1703,0.04911,,,1.20749,1.25347
1.13363,1.17033,0.04911,,,1.20728,1.25319
1.13365,1.17031,0.0491,,,1.20723,1.25285
1.13367,1.17027,0.04909,,,1.2072,1.25296
1.13368,1.17019,0.04909,,,1.20725,1.25287
1.1337,1.17008,0.04908,,,1.20751,1.2525
1.13372,1.1699,0.04908,,,1.2078,1.25265
1.13373,1.16998,0.04907,,,1.20812,1.25274
1.13375,1.17009,0.04908,,,1.20815,1.25282
1.13377,1.1702,0.04908,,,1.20796,1.25289
1.13378,1.17027,0.04908,,,1.20798,1.25286
1.1338,1.17027,0.04907,,,1.20795,1.25288
1.13382,1.17023,0.04906,,,1.20837,1.25279
1.13383,1.1702,0.04906,,,1.20843,1.25284
1.13385,1.17014,0.04905,,,1.20894,1.2531
1.13387,1.1701,0.04905,,,1.20897,1.25296
1.13388,1.17007,0.04905,,,1.20909,1.25285
1.1339,1.16996,0.04904,,,1.20894,1.25267
1.13392,1.16986,0.04903,,,1.20901,1.2527
1.13393,1.16993,0.04903,,,1.20889,1.25272
1.13395,1.16991,0.04902,,,1.20888,1.25271
1.13397,1.16974,0.04902,,,1.20904,1.25268
1.13398,1.16979,0.04902,,,1.20883,1.25264
1.134,1.16979,0.04901,,,1.20881,1.25242
1.13402,1.16974,0.049,,,1.20868,1.25273
1.13403,1.16974,0.049,,,1.20866,1.25263
1.13405,1.1698,0.049,,,1.2084,1.25228
1.13406,1.16971,0.04898,,,1.20838,1.25265
1.13408,1.1697,0.04898,,,1.20854,1.2528
1.1341,1.16963,0.04897,,,1.20874,1.25286
1.13411,1.16958,0.04896,,,1.2087,1.25302
1.13413,1.16952,0.04897,,,1.20849,1.25295
1.13415,1.16976,0.04896,,,1.20839,1.25278
1.13416,1.16987,0.04897,,,1.20878,1.25256
1.13418,1.17007,0.04896,,,1.20887,1.25282
1.1342,1.17008,0.04896,,,1.20873,1.2528
1.13421,1.1701,0.04897,,,1.20869,1.25251
1.13423,1.17024,0.04896,,,1.2088,1.25285
1.13424,1.17013,0.04896,,,1.20881,1.25288
1.13426,1.17028,0.04896,,,1.20877,1.25302
1.13428,1.17046,0.04896,,,1.20894,1.25285
1.13429,1.17033,0.04896,,,1.20911,1.25288
1.13431,1.17024,0.04895,,,1.20924,1.25274
1.13433,1.16999,0.04894,,,1.20902,1.25261
1.13434,1.17023,0.04894,,,1.20894,1.25244
1.13436,1.17012,0.04893,,,1.20901,1.25239
1.13437,1.16998,0.04892,,,1.20895,1.25227
1.13439,1.16984,0.04892,,,1.20926,1.25214
1.13441,1.16997,0.04892,,,1.20942,1.25222
1.13442,1.16999,0.04891,,,1.20937,1.25212
1.13444,1.1699,0.0489,,,1.2095,1.25206
1.13446,1.16994,0.0489,,,1.20951,1.2517
1.13447,1.16993,0.04889,,,1.20966,1.25211
1.13449,1.16986,0.04889,,,1.20954,1.25203
1.1345,1.16986,0.04888,,,1.20939,1.25226
1.13452,1.16996,0.04889,,,1.20909,1.2521
1.13454,1.17012,0.04889,,,1.20933,1.2522
1.13455,1.17011,0.0489,,,1.2094,1.25212
1.13457,1.17037,0.0489,,,1.20926,1.25197
1.13458,1.17028,0.04888,,,1.20909,1.25199
1.1346,1.17011,0.04888,,,1.20909,1.2521
1.13462,1.17001,0.04887,,,1.20915,1.25194
1.13463,1.17009,0.04887,,,1.20901,1.25221
1.13465,1.17005,0.04887,,,1.2091,1.2525
1.13466,1.17021,0.04887,,,1.20909,1.2528
1.13468,1.17017,0.04886,,,1.20915,1.25254
1.1347,1.17017,0.04885,,,1.20922,1.25272
1.13471,1.17031,0.04885,,,1.20931,1.25258
1.13473,1.17048,0.04886,,,1.20934,1.25265
1.13474,1.17067,0.04886,,,1.20953,1.25252
1.13476,1.17072,0.04886,,,1.20945,1.25252
1.13478,1.17069,0.04886,,,1.20961,1.25254
1.13479,1.17104,0.04888,,,1.2098,1.25247
1.13481,1.17132,0.04888,,,1.20978,1.25276
1.13483,1.17126,0.04887,,,1.20981,1.2528
1.13484,1.17127,0.04887,,,1.20974,1.25325
1.13486,1.17125,0.04886,,,1.20978,1.2531
1.13487,1.17116,0.04885,,,1.20988,1.25345
1.13489,1.17109,0.04885,,,1.20991,1.25345
1.13491,1.17102,0.04884,,,1.21032,1.25394
1.13492,1.17095,0.04883,,,1.21018,1.25403
1.13494,1.17082,0.04882,,,1.21017,1.25392
1.13495,1.17067,0.04881,,,1.21006,1.25368
1.13497,1.17056,0.04881,,,1.21006,1.25353
1.13499,1.17031,0.04879,,,1.20996,1.2535
1.135,1.17015,0.04878,,,1.20975,1.25346
1.13502,1.17006,0.04878,,,1.20978,1.25337
1.13503,1.16984,0.04876,,,1.20995,1.25363
1.13505,1.16986,0.04876,,,1.21016,1.25374
1.13506,1.16968,0.04874,,,1.20981,1.2537
1.13508,1.16964,0.04874,,,1.21018,1.25373
1.13509,1.16957,0.04873,,,1.21017,1.25363
1.13511,1.16963,0.04874,,,1.21016,1.2537
1.13513,1.1698,0.04873,,,1.21002,1.2538
1.13514,1.16982,0.04873,,,1.21016,1.25393
1.13516,1.17001,0.04874,,,1.21016,1.2542
1.13517,1.17031,0.04875,,,1.21046,1.25431
1.13519,1.17028,0.04875,,,1.21037,1.25444
1.1352,1.17052,0.04875,,,1.21038,1.25422
1.13522,1.17044,0.04874,,,1.21041,1.25429
1.13523,1.17045,0.04874,,,1.21043,1.25406
1.13525,1.17029,0.04873,,,1.21048,1.25401
1.13527,1.17016,0.04872,,,1.21024,1.25374
1.13528,1.17013,0.04872,,,1.21046,1.25391
1.1353,1.17031,0.04871,,,1.21042,1.25386
1.13531,1.17037,0.04871,,,1.21052,1.25408
1.13533,1.17057,0.04872,,,1.21063,1.25391
1.13534,1.17071,0.04871,,,1.21064,1.25394
1.13536,1.17066,0.04871,,,1.21061,1.25398
1.13537,1.17061,0.0487,,,1.21069,1.25419
1.13539,1.1706,0.0487,,,1.21049,1.25419
1.1354,1.17071,0.0487,,,1.2104,1.25431
1.13542,1.1706,0.04869,,,1.2104,1.25408
1.13544,1.17058,0.04868,,,1.21053,1.25408
1.13545,1.17062,0.04867,,,1.21052,1.25436
1.13547,1.1706,0.04867,,,1.21065,1.25391
1.13548,1.17074,0.04868,,,1.21037,1.25399
1.1355,1.17091,0.04866,,,1.21041,1.25387
1.13551,1.17071,0.04867,,,1.21036,1.25384
1.13553,1.1709,0.04867,,,1.21043,1.25382
1.13554,1.17089,0.04867,,,1.21032,1.25369
1.13556,1.171,0.04865,,,1.21002,1.25387
1.13558,1.17079,0.04865,,,1.20995,1.25387
1.13559,1.17074,0.04865,,,1.20991,1.25388
1.13561,1.17076,0.04863,,,1.20999,1.25437
1.13562,1.17069,0.04863,,,1.20986,1.2545
1.13564,1.17057,0.04863,,,1.20992,1.25475
1.13565,1.17084,0.04864,,,1.2101,1.25482
1.13567,1.17085,0.04862,,,1.21011,1.25485
1.13568,1.17086,0.04861,,,1.21018,1.25494
1.1357,1.17068,0.0486,,,1.21048,1.2547
1.13571,1.17071,0.0486,,,1.2105,1.25482
1.13573,1.17067,0.04858,,,1.21046,1.25494
1.13574,1.17062,0.04858,,,1.21033,1.2551
1.13576,1.17065,0.04857,,,1.21045,1.25481
1.13577,1.1705,0.04857,,,1.21034,1.25505
1.13579,1.17076,0.04856,,,1.21035,1.25522
1.13581,1.17057,0.04856,,,1.21044,1.25502
1.13582,1.17056,0.04856,,,1.21035,1.25501
1.13584,1.17062,0.04855,,,1.21023,1.25492
1.13585,1.17085,0.04855,,,1.21026,1.25488
1.13587,1.17077,0.04854,,,1.21039,1.25487
1.13588,1.17093,0.04854,,,1.21064,1.25464
1.1359,1.17091,0.04854,,,1.21056,1.25465
1.13591,1.17089,0.04853,,,1.21049,1.25473
1.13593,1.17094,0.04852,,,1.2106,1.25481
1.13594,1.17083,0.04852,,,1.2106,1.25445
1.13596,1.17094,0.04851,,,1.21063,1.25473
1.13597,1.17073,0.04849,,,1.21048,1.25425
1.13599,1.17056,0.04848,,,1.21025,1.25428
1.136,1.17043,0.04847,,,1.21037,1.25431
1.13602,1.17052,0.04848,,,1.2102,1.25421
1.13603,1.17058,0.04847,,,1.21004,1.2544
1.13605,1.17035,0.04845,,,1.21013,1.25448
1.13606,1.17037,0.04845,,,1.21002,1.25439
1.13608,1.17038,0.04844,,,1.21019,1.25442
1.13609,1.17045,0.04844,,,1.20997,1.25471
1.13611,1.17043,0.04843,,,1.21,1.25479
1.13612,1.17047,0.04843,,,1.20977,1.25451
1.13614,1.17066,0.04844,,,1.21002,1.2546
1.13615,1.17069,0.04842,,,1.21027,1.25445
1.13617,1.17059,0.04842,,,1.21026,1.25461
1.13618,1.17067,0.04842,,,1.21031,1.25454
1.1362,1.17072,0.04841,,,1.21053,1.25449
1.13621,1.17056,0.0484,,,1.21068,1.25429
1.13622,1.17042,0.04839,,,1.21053,1.25432
1.13624,1.17034,0.04838,,,1.21027,1.25415
1.13625,1.17025,0.04837,,,1.21027,1.25414
1.13627,1.17025,0.04836,,,1.21034,1.25412
1.13628,1.17021,0.04835,,,1.21002,1.2541
1.1363,1.17021,0.04834,,,1.21016,1.25415
1.13631,1.1703,0.04834,,,1.2101,1.25407
1.13633,1.17018,0.04833,,,1.21,1.25418
1.13634,1.17028,0.04833,,,1.21016,1.25406
1.13636,1.17034,0.04833,,,1.21017,1.25402
1.13637,1.17032,0.04834,,,1.2101,1.25379
1.13639,1.17056,0.04832,,,1.21028,1.25395
1.1364,1.17039,0.04832,,,1.21038,1.25405
1.13641,1.17041,0.04831,,,1.21041,1.25405
1.13643,1.17031,0.0483,,,1.21063,1.25412
1.13644,1.17041,0.0483,,,1.2105,1.25421
1.13646,1.17048,0.04829,,,1.21065,1.2544
1.13647,1.1704,0.04828,,,1.2104,1.25429
1.13649,1.17033,0.04827,,,1.21037,1.25437